"sku","short_description","description","meta_description"
"IL-CONFIG-089","Ideal Lux Angolo TL1 è una lampada da tavolo per interni compatta, geometrica e scenografica, ideale per comodino, libreria, mensola, ingresso e tavolino laterale. Caratteristiche principali: materiali: alluminio, metallo e vetro; dimensioni: L12cm x H12cm x P12cm; 1 luce con attacco G9; potenza massima 1 x 28W; alimentazione 220-240 V AC; classe II; lampadina inclusa; non dimmerabile. Le varianti selezionabili comprendono finiture Nero e Ottone, così puoi coordinare finitura, luce e ingombro con l’arredo.","<p>Ideal Lux Angolo TL1 è una lampada da tavolo per interni compatta, geometrica e scenografica. È pensata per comodino, libreria, mensola, ingresso e tavolino laterale: ideale quando serve un accento luminoso netto e ordinato, con una forma semplice ma riconoscibile. La sua presenza d’appoggio aiuta a completare l’illuminazione principale con una luce mirata, decorativa e piacevole da vivere ogni giorno.</p><p>La struttura è realizzata in alluminio, metallo e vetro, con proporzioni pensate per l’uso su superfici d’appoggio. Le caratteristiche tecniche principali sono: materiali: alluminio, metallo e vetro; dimensioni: L12cm x H12cm x P12cm; 1 luce con attacco G9; potenza massima 1 x 28W; alimentazione 220-240 V AC; classe II; lampadina inclusa; non dimmerabile.</p><p>La famiglia Angolo TL1 permette di scegliere tra finiture Nero e Ottone. In questo modo puoi selezionare la soluzione più adatta al contesto: Nero e Ottone.</p><p>Scegliere Angolo TL1 significa aggiungere una lampada da tavolo Ideal Lux per interni adatta a camera da letto, soggiorno, studio o ingresso. Può essere posizionata su comodini, consolle, mensole o tavolini e coordinata con lampadari, applique o lampade da terra per un ambiente armonico e ben illuminato.</p>","Ideal Lux Angolo TL1 lampada da tavolo per interni, ideale per comodino, soggiorno, studio e ingresso. Disponibile in Nero e Ottone."
"IL-CONFIG-090","Ideal Lux Arcadia TL1 è una lampada da tavolo per esterni decorativa e accogliente per l’outdoor, ideale per terrazze, balconi, portici, dehors e tavoli da giardino. Caratteristiche principali: materiali: metallo e materiale plastico; dimensioni: Ø28cm x H52,9cm; 1 luce con attacco E27; potenza massima 1 x 42W; alimentazione 220-240 V AC; classe II; protezione IP44; lampadina non inclusa; non dimmerabile. Le varianti selezionabili comprendono finiture Grigio e Bianco, così puoi coordinare finitura, luce e ingombro con l’arredo.","<p>Ideal Lux Arcadia TL1 è una lampada da tavolo per esterni decorativa e accogliente per l’outdoor. È pensata per terrazze, balconi, portici, dehors e tavoli da giardino: accompagna cene all’aperto e zone relax con una luce morbida e conviviale. La sua presenza d’appoggio aiuta a completare l’illuminazione principale con una luce mirata, decorativa e piacevole da vivere ogni giorno.</p><p>La struttura è realizzata in metallo e materiale plastico, con proporzioni pensate per l’uso su superfici d’appoggio. Le caratteristiche tecniche principali sono: materiali: metallo e materiale plastico; dimensioni: Ø28cm x H52,9cm; 1 luce con attacco E27; potenza massima 1 x 42W; alimentazione 220-240 V AC; classe II; protezione IP44; lampadina non inclusa; non dimmerabile.</p><p>La famiglia Arcadia TL1 permette di scegliere tra finiture Grigio e Bianco. In questo modo puoi selezionare la soluzione più adatta al contesto: Grigio e Bianco.</p><p>Questa lampada da tavolo Ideal Lux per esterni è indicata per creare atmosfera su tavoli outdoor, balconi, terrazze, portici e aree lounge. Può essere inserita in progetti residenziali o contract, anche in abbinamento ad applique, paletti e altre lampade da esterno per ottenere un’illuminazione coordinata.</p>","Ideal Lux Arcadia TL1 lampada da tavolo per esterni, ideale per terrazze, balconi, dehors e tavoli outdoor. Disponibile in Grigio e Bianco."
"IL-CONFIG-091","Ideal Lux Axel TL1 è una lampada da tavolo per interni slanciata e calda, con paralume in tessuto, ideale per comodino, camera da letto, soggiorno, studio e consolle. Caratteristiche principali: materiali: legno e tessuto; dimensioni: L20cm x H66cm x P27cm; 1 luce con attacco E27; potenza massima 1 x 60W; alimentazione 220-240 V AC; classe II; lampadina non inclusa; non dimmerabile. Le varianti selezionabili comprendono finiture Bianco e Nero, così puoi coordinare finitura, luce e ingombro con l’arredo.","<p>Ideal Lux Axel TL1 è una lampada da tavolo per interni slanciata e calda, con paralume in tessuto. È pensata per comodino, camera da letto, soggiorno, studio e consolle: adatta a creare una luce filtrata e confortevole, perfetta per ambienti domestici eleganti. La sua presenza d’appoggio aiuta a completare l’illuminazione principale con una luce mirata, decorativa e piacevole da vivere ogni giorno.</p><p>La struttura è realizzata in legno e tessuto, con proporzioni pensate per l’uso su superfici d’appoggio. Le caratteristiche tecniche principali sono: materiali: legno e tessuto; dimensioni: L20cm x H66cm x P27cm; 1 luce con attacco E27; potenza massima 1 x 60W; alimentazione 220-240 V AC; classe II; lampadina non inclusa; non dimmerabile.</p><p>La famiglia Axel TL1 permette di scegliere tra finiture Bianco e Nero. In questo modo puoi selezionare la soluzione più adatta al contesto: Bianco e Nero.</p><p>Scegliere Axel TL1 significa aggiungere una lampada da tavolo Ideal Lux per interni adatta a camera da letto, soggiorno, studio o ingresso. Può essere posizionata su comodini, consolle, mensole o tavolini e coordinata con lampadari, applique o lampade da terra per un ambiente armonico e ben illuminato.</p>","Ideal Lux Axel TL1 lampada da tavolo per interni, ideale per comodino, soggiorno, studio e ingresso. Disponibile in Bianco e Nero."
"IL-CONFIG-092","Ideal Lux Binomio TL1 è una lampada da tavolo per interni essenziale e contemporanea, con vetro protagonista, ideale per comodino, tavolino, ingresso, living e zona notte. Caratteristiche principali: materiali: metallo e vetro; dimensioni: Ø16cm x H37,5cm; 1 luce con attacco G9; potenza massima 1 x 4W; alimentazione 220-240 V AC; classe II; lampadina inclusa; non dimmerabile. Le varianti selezionabili comprendono finiture Bianco, Nero e Ottone, così puoi coordinare finitura, luce e ingombro con l’arredo.","<p>Ideal Lux Binomio TL1 è una lampada da tavolo per interni essenziale e contemporanea, con vetro protagonista. È pensata per comodino, tavolino, ingresso, living e zona notte: unisce volumi puliti e dettagli luminosi per un effetto decorativo misurato. La sua presenza d’appoggio aiuta a completare l’illuminazione principale con una luce mirata, decorativa e piacevole da vivere ogni giorno.</p><p>La struttura è realizzata in metallo e vetro, con proporzioni pensate per l’uso su superfici d’appoggio. Le caratteristiche tecniche principali sono: materiali: metallo e vetro; dimensioni: Ø16cm x H37,5cm; 1 luce con attacco G9; potenza massima 1 x 4W; alimentazione 220-240 V AC; classe II; lampadina inclusa; non dimmerabile.</p><p>La famiglia Binomio TL1 permette di scegliere tra finiture Bianco, Nero e Ottone. In questo modo puoi selezionare la soluzione più adatta al contesto: Bianco, Nero e Ottone.</p><p>Scegliere Binomio TL1 significa aggiungere una lampada da tavolo Ideal Lux per interni adatta a camera da letto, soggiorno, studio o ingresso. Può essere posizionata su comodini, consolle, mensole o tavolini e coordinata con lampadari, applique o lampade da terra per un ambiente armonico e ben illuminato.</p>","Ideal Lux Binomio TL1 lampada da tavolo per interni, ideale per comodino, soggiorno, studio e ingresso. Disponibile in Bianco, Nero e Ottone."
"IL-CONFIG-093","Ideal Lux Binomio TL2 LED è una lampada da tavolo per interni essenziale e contemporanea, con vetro protagonista, ideale per comodino, tavolino, ingresso, living e zona notte. Caratteristiche principali: materiali: metallo e vetro; dimensioni: L15cm x H35cm x P15cm; 2 luci con attacco LED; sorgente LED 6W; alimentazione 220-240 V AC; classe II; lampadina inclusa; non dimmerabile. Le varianti selezionabili comprendono finiture Bianco, Nero e Ottone, così puoi coordinare finitura, luce e ingombro con l’arredo.","<p>Ideal Lux Binomio TL2 LED è una lampada da tavolo per interni essenziale e contemporanea, con vetro protagonista. È pensata per comodino, tavolino, ingresso, living e zona notte: unisce volumi puliti e dettagli luminosi per un effetto decorativo misurato. La sua presenza d’appoggio aiuta a completare l’illuminazione principale con una luce mirata, decorativa e piacevole da vivere ogni giorno.</p><p>La struttura è realizzata in metallo e vetro, con proporzioni pensate per l’uso su superfici d’appoggio. Le caratteristiche tecniche principali sono: materiali: metallo e vetro; dimensioni: L15cm x H35cm x P15cm; 2 luci con attacco LED; sorgente LED 6W; alimentazione 220-240 V AC; classe II; lampadina inclusa; non dimmerabile.</p><p>La famiglia Binomio TL2 LED permette di scegliere tra finiture Bianco, Nero e Ottone. In questo modo puoi selezionare la soluzione più adatta al contesto: Bianco, Nero e Ottone.</p><p>Scegliere Binomio TL2 LED significa aggiungere una lampada da tavolo Ideal Lux per interni adatta a camera da letto, soggiorno, studio o ingresso. Può essere posizionata su comodini, consolle, mensole o tavolini e coordinata con lampadari, applique o lampade da terra per un ambiente armonico e ben illuminato.</p>","Ideal Lux Binomio TL2 LED lampada da tavolo per interni, ideale per comodino, soggiorno, studio e ingresso. Disponibile in Bianco, Nero e Ottone."
"IL-CONFIG-094","Ideal Lux Birds TL1 è una lampada da tavolo per interni decorativa e raffinata, con sfera luminosa in vetro, ideale per comodino, consolle, madia, tavolino da salotto e ingresso. Caratteristiche principali: materiali: metallo e vetro; dimensioni: L13cm x H26,5cm x P16cm; 1 luce con attacco G9; potenza massima 1 x 15W; alimentazione 220-240 V AC; classe II; lampadina inclusa; non dimmerabile. La configurazione disponibile comprende finitura Nero, pensata per offrire un punto luce coerente e facile da inserire nel progetto d’arredo.","<p>Ideal Lux Birds TL1 è una lampada da tavolo per interni decorativa e raffinata, con sfera luminosa in vetro. È pensata per comodino, consolle, madia, tavolino da salotto e ingresso: aggiunge un punto luce elegante senza occupare troppo spazio. La sua presenza d’appoggio aiuta a completare l’illuminazione principale con una luce mirata, decorativa e piacevole da vivere ogni giorno.</p><p>La struttura è realizzata in metallo e vetro, con proporzioni pensate per l’uso su superfici d’appoggio. Le caratteristiche tecniche principali sono: materiali: metallo e vetro; dimensioni: L13cm x H26,5cm x P16cm; 1 luce con attacco G9; potenza massima 1 x 15W; alimentazione 220-240 V AC; classe II; lampadina inclusa; non dimmerabile.</p><p>La configurazione Birds TL1 comprende finitura Nero. È una scelta indicata quando si desidera un prodotto già definito, coerente nello stile e semplice da coordinare con gli altri elementi della stanza.</p><p>Scegliere Birds TL1 significa aggiungere una lampada da tavolo Ideal Lux per interni adatta a camera da letto, soggiorno, studio o ingresso. Può essere posizionata su comodini, consolle, mensole o tavolini e coordinata con lampadari, applique o lampade da terra per un ambiente armonico e ben illuminato.</p>","Ideal Lux Birds TL1 lampada da tavolo per interni, ideale per comodino, soggiorno, studio e ingresso. Disponibile in Nero."
"IL-CONFIG-095","Ideal Lux Bloom TL1 è una lampada da tavolo per interni compatta e decorativa, ispirata a forme morbide, ideale per comodini, mensole, librerie, tavolini e piccoli angoli del soggiorno. Caratteristiche principali: materiali: vetro, metallo e alluminio; dimensioni: Ø11,5cm x H27cm e Ø11,5cm x H12,7cm; 1 luce con attacco G9; potenza massima 1 x 4W; alimentazione 220-240 V AC; classe II; lampadina inclusa; non dimmerabile. Le varianti selezionabili comprendono finiture Nero e Ottone; dimensioni Ø11,5cm x H27cm e Ø11,5cm x H12,7cm, così puoi coordinare finitura, luce e ingombro con l’arredo.","<p>Ideal Lux Bloom TL1 è una lampada da tavolo per interni compatta e decorativa, ispirata a forme morbide. È pensata per comodini, mensole, librerie, tavolini e piccoli angoli del soggiorno: permette di creare accenti luminosi delicati scegliendo altezza e finitura. La sua presenza d’appoggio aiuta a completare l’illuminazione principale con una luce mirata, decorativa e piacevole da vivere ogni giorno.</p><p>La struttura è realizzata in vetro, metallo e alluminio, con proporzioni pensate per l’uso su superfici d’appoggio. Le caratteristiche tecniche principali sono: materiali: vetro, metallo e alluminio; dimensioni: Ø11,5cm x H27cm e Ø11,5cm x H12,7cm; 1 luce con attacco G9; potenza massima 1 x 4W; alimentazione 220-240 V AC; classe II; lampadina inclusa; non dimmerabile.</p><p>La famiglia Bloom TL1 permette di scegliere tra finiture Nero e Ottone; dimensioni Ø11,5cm x H27cm e Ø11,5cm x H12,7cm. In questo modo puoi selezionare la soluzione più adatta al contesto: Nero Ø11,5cm x H27cm, Ottone Ø11,5cm x H27cm, Nero Ø11,5cm x H12,7cm e Ottone Ø11,5cm x H12,7cm.</p><p>Scegliere Bloom TL1 significa aggiungere una lampada da tavolo Ideal Lux per interni adatta a camera da letto, soggiorno, studio o ingresso. Può essere posizionata su comodini, consolle, mensole o tavolini e coordinata con lampadari, applique o lampade da terra per un ambiente armonico e ben illuminato.</p>","Ideal Lux Bloom TL1 lampada da tavolo per interni, ideale per comodino, soggiorno, studio e ingresso. Disponibile in Nero e Ottone, con più dimensioni."
"IL-CONFIG-096","Ideal Lux Candy TL1 è una lampada da tavolo per interni morbida e luminosa, con diffusore in vetro bianco, ideale per comodino, mobile ingresso, mensola, bagno di servizio e zona relax. Caratteristiche principali: materiali: vetro; dimensioni: Ø25cm x H18cm; 1 luce con attacco G9; potenza massima 1 x 40W; alimentazione 220-240 V AC; classe II; lampadina inclusa; non dimmerabile. La configurazione disponibile comprende finitura Bianco, pensata per offrire un punto luce coerente e facile da inserire nel progetto d’arredo.","<p>Ideal Lux Candy TL1 è una lampada da tavolo per interni morbida e luminosa, con diffusore in vetro bianco. È pensata per comodino, mobile ingresso, mensola, bagno di servizio e zona relax: diffonde una luce piacevole e uniforme, indicata per atmosfere intime e ordinate. La sua presenza d’appoggio aiuta a completare l’illuminazione principale con una luce mirata, decorativa e piacevole da vivere ogni giorno.</p><p>La struttura è realizzata in vetro, con proporzioni pensate per l’uso su superfici d’appoggio. Le caratteristiche tecniche principali sono: materiali: vetro; dimensioni: Ø25cm x H18cm; 1 luce con attacco G9; potenza massima 1 x 40W; alimentazione 220-240 V AC; classe II; lampadina inclusa; non dimmerabile.</p><p>La configurazione Candy TL1 comprende finitura Bianco. È una scelta indicata quando si desidera un prodotto già definito, coerente nello stile e semplice da coordinare con gli altri elementi della stanza.</p><p>Scegliere Candy TL1 significa aggiungere una lampada da tavolo Ideal Lux per interni adatta a camera da letto, soggiorno, studio o ingresso. Può essere posizionata su comodini, consolle, mensole o tavolini e coordinata con lampadari, applique o lampade da terra per un ambiente armonico e ben illuminato.</p>","Ideal Lux Candy TL1 lampada da tavolo per interni, ideale per comodino, soggiorno, studio e ingresso. Disponibile in Bianco."
"IL-CONFIG-097","Ideal Lux Carta TL1 è una lampada da tavolo per interni leggera e materica, con effetto carta, ideale per comodino, mensola, camera da letto, soggiorno e angolo lettura. Caratteristiche principali: materiali: materiale plastico; dimensioni: Ø10cm x H12,5cm e Ø20cm x H21,5cm; 1 luce con attacchi G9 ed E27; potenza massima 1 x 15W e potenza massima 1 x 25W; alimentazione 220-240 V AC; classe II; lampadina inclusa in alcune versioni; non dimmerabile. Le varianti selezionabili comprendono finitura Bianco; dimensioni Ø10cm x H12,5cm e Ø20cm x H21,5cm; attacchi G9 ed E27; potenze 1 x 15W e 1 x 25W, così puoi coordinare finitura, luce e ingombro con l’arredo.","<p>Ideal Lux Carta TL1 è una lampada da tavolo per interni leggera e materica, con effetto carta. È pensata per comodino, mensola, camera da letto, soggiorno e angolo lettura: offre una luce soffusa e naturale, perfetta per chi cerca un segno discreto. La sua presenza d’appoggio aiuta a completare l’illuminazione principale con una luce mirata, decorativa e piacevole da vivere ogni giorno.</p><p>La struttura valorizza materiale plastico con dettagli costruttivi curati. Montatura in metallo verniciato bianco opaco. Diffusore in policarbonato con rivestimento ad effetto carta. Le caratteristiche tecniche principali sono: materiali: materiale plastico; dimensioni: Ø10cm x H12,5cm e Ø20cm x H21,5cm; 1 luce con attacchi G9 ed E27; potenza massima 1 x 15W e potenza massima 1 x 25W; alimentazione 220-240 V AC; classe II; lampadina inclusa in alcune versioni; non dimmerabile.</p><p>La famiglia Carta TL1 permette di scegliere tra finitura Bianco; dimensioni Ø10cm x H12,5cm e Ø20cm x H21,5cm; attacchi G9 ed E27; potenze 1 x 15W e 1 x 25W. In questo modo puoi selezionare la soluzione più adatta al contesto: Bianco Ø10cm x H12,5cm G9 e Bianco Ø20cm x H21,5cm E27.</p><p>Scegliere Carta TL1 significa aggiungere una lampada da tavolo Ideal Lux per interni adatta a camera da letto, soggiorno, studio o ingresso. Può essere posizionata su comodini, consolle, mensole o tavolini e coordinata con lampadari, applique o lampade da terra per un ambiente armonico e ben illuminato.</p>","Ideal Lux Carta TL1 lampada da tavolo per interni, ideale per comodino, soggiorno, studio e ingresso. Disponibile in Bianco."
"IL-CONFIG-098","Ideal Lux Chalet TL1 è una lampada da tavolo per interni calda e materica, dal gusto naturale, ideale per camera da letto, soggiorno, chalet, case di campagna, hotel e spazi hospitality. Caratteristiche principali: materiali: resina e tessuto; dimensioni: Ø41cm x H65cm; 1 luce con attacco E27; potenza massima 1 x 60W; alimentazione 220-240 V AC; classe II; lampadina non inclusa; non dimmerabile. La configurazione disponibile comprende finitura Beige, pensata per offrire un punto luce coerente e facile da inserire nel progetto d’arredo.","<p>Ideal Lux Chalet TL1 è una lampada da tavolo per interni calda e materica, dal gusto naturale. È pensata per camera da letto, soggiorno, chalet, case di campagna, hotel e spazi hospitality: porta nell’ambiente una presenza decorativa morbida, ideale con legno, tessuti e colori neutri. La sua presenza d’appoggio aiuta a completare l’illuminazione principale con una luce mirata, decorativa e piacevole da vivere ogni giorno.</p><p>La struttura è realizzata in resina e tessuto, con proporzioni pensate per l’uso su superfici d’appoggio. Le caratteristiche tecniche principali sono: materiali: resina e tessuto; dimensioni: Ø41cm x H65cm; 1 luce con attacco E27; potenza massima 1 x 60W; alimentazione 220-240 V AC; classe II; lampadina non inclusa; non dimmerabile.</p><p>La configurazione Chalet TL1 comprende finitura Beige. È una scelta indicata quando si desidera un prodotto già definito, coerente nello stile e semplice da coordinare con gli altri elementi della stanza.</p><p>Scegliere Chalet TL1 significa aggiungere una lampada da tavolo Ideal Lux per interni adatta a camera da letto, soggiorno, studio o ingresso. Può essere posizionata su comodini, consolle, mensole o tavolini e coordinata con lampadari, applique o lampade da terra per un ambiente armonico e ben illuminato.</p>","Ideal Lux Chalet TL1 lampada da tavolo per interni, ideale per comodino, soggiorno, studio e ingresso. Disponibile in Beige."
"IL-CONFIG-099","Ideal Lux Cute è una lampada da tavolo per esterni portatile, dimmerabile e pensata per l’esterno, ideale per tavoli outdoor, balconi, terrazze, dehors, portici e zone lounge. Caratteristiche principali: dimensioni: Ø7,5cm x H20,8cm; 1 luce con attacco LED; sorgente LED 2,5W; alimentazione 3.7 V DC; classe III; protezione IP65; lampadina inclusa; dimmerabile. Le varianti selezionabili comprendono finiture Bianco, Caffè, Nero e Oro, così puoi coordinare finitura, luce e ingombro con l’arredo.","<p>Ideal Lux Cute è una lampada da tavolo per esterni portatile, dimmerabile e pensata per l’esterno. È pensata per tavoli outdoor, balconi, terrazze, dehors, portici e zone lounge: crea atmosfera senza vincoli di installazione, con formato compatto e luce regolabile. La sua presenza d’appoggio aiuta a completare l’illuminazione principale con una luce mirata, decorativa e piacevole da vivere ogni giorno.</p><p>La struttura è realizzata in materiali selezionati, con proporzioni pensate per l’uso su superfici d’appoggio. Le caratteristiche tecniche principali sono: dimensioni: Ø7,5cm x H20,8cm; 1 luce con attacco LED; sorgente LED 2,5W; alimentazione 3.7 V DC; classe III; protezione IP65; lampadina inclusa; dimmerabile.</p><p>La famiglia Cute permette di scegliere tra finiture Bianco, Caffè, Nero e Oro. In questo modo puoi selezionare la soluzione più adatta al contesto: Bianco, Caffè, Nero e Oro.</p><p>Questa lampada da tavolo Ideal Lux per esterni è indicata per creare atmosfera su tavoli outdoor, balconi, terrazze, portici e aree lounge. Può essere inserita in progetti residenziali o contract, anche in abbinamento ad applique, paletti e altre lampade da esterno per ottenere un’illuminazione coordinata.</p>","Ideal Lux Cute lampada da tavolo per esterni, ideale per terrazze, balconi, dehors e tavoli outdoor. Disponibile in Bianco, Caffè, Nero e Oro."
"IL-CONFIG-100","Ideal Lux Diamond TL1 è una lampada da tavolo per interni piccola e sfaccettata, con effetto luminoso decorativo, ideale per comodino, mensola, tavolino, ingresso e punti luce d’accento. Caratteristiche principali: materiali: alluminio e materiale plastico; dimensioni: Ø11cm x H12cm; 1 luce con attacco LED; sorgente LED 2W; alimentazione 5 V DC; classe III; lampadina inclusa; dimmerabile. La configurazione disponibile comprende finitura Trasparente, pensata per offrire un punto luce coerente e facile da inserire nel progetto d’arredo.","<p>Ideal Lux Diamond TL1 è una lampada da tavolo per interni piccola e sfaccettata, con effetto luminoso decorativo. È pensata per comodino, mensola, tavolino, ingresso e punti luce d’accento: funziona come luce d’atmosfera per aggiungere brillantezza a spazi contenuti. La sua presenza d’appoggio aiuta a completare l’illuminazione principale con una luce mirata, decorativa e piacevole da vivere ogni giorno.</p><p>La struttura è realizzata in alluminio e materiale plastico, con proporzioni pensate per l’uso su superfici d’appoggio. Le caratteristiche tecniche principali sono: materiali: alluminio e materiale plastico; dimensioni: Ø11cm x H12cm; 1 luce con attacco LED; sorgente LED 2W; alimentazione 5 V DC; classe III; lampadina inclusa; dimmerabile.</p><p>La configurazione Diamond TL1 comprende finitura Trasparente. È una scelta indicata quando si desidera un prodotto già definito, coerente nello stile e semplice da coordinare con gli altri elementi della stanza.</p><p>Scegliere Diamond TL1 significa aggiungere una lampada da tavolo Ideal Lux per interni adatta a camera da letto, soggiorno, studio o ingresso. Può essere posizionata su comodini, consolle, mensole o tavolini e coordinata con lampadari, applique o lampade da terra per un ambiente armonico e ben illuminato.</p>","Ideal Lux Diamond TL1 lampada da tavolo per interni, ideale per comodino, soggiorno, studio e ingresso. Disponibile in Trasparente."
"IL-CONFIG-101","Ideal Lux Diesis è una lampada da tavolo per interni tecnica ed elegante, adatta alla lettura, ideale per scrivania, studio, angolo lavoro, comodino e zona lettura. Caratteristiche principali: materiali: metallo e vetro; dimensioni: L19cm x H65,5cm x P43cm; 1 luce con attacco LED; sorgente LED 6,5W; alimentazione 220-240 V AC; classe II; lampadina inclusa; dimmerabile. Le varianti selezionabili comprendono finiture Nero, Nichel e Ottone, così puoi coordinare finitura, luce e ingombro con l’arredo.","<p>Ideal Lux Diesis è una lampada da tavolo per interni tecnica ed elegante, adatta alla lettura. È pensata per scrivania, studio, angolo lavoro, comodino e zona lettura: offre una luce orientata e regolabile, utile per attività quotidiane e home office. La sua presenza d’appoggio aiuta a completare l’illuminazione principale con una luce mirata, decorativa e piacevole da vivere ogni giorno.</p><p>La struttura è realizzata in metallo e vetro, con proporzioni pensate per l’uso su superfici d’appoggio. Le caratteristiche tecniche principali sono: materiali: metallo e vetro; dimensioni: L19cm x H65,5cm x P43cm; 1 luce con attacco LED; sorgente LED 6,5W; alimentazione 220-240 V AC; classe II; lampadina inclusa; dimmerabile.</p><p>La famiglia Diesis permette di scegliere tra finiture Nero, Nichel e Ottone. In questo modo puoi selezionare la soluzione più adatta al contesto: Nero, Nichel e Ottone.</p><p>Perfetta per chi cerca una lampada da tavolo Ideal Lux per interni adatta a lettura, studio e lavoro, Diesis valorizza scrivanie, scrittoi e comodini con una luce pratica e curata. Si abbina facilmente a plafoniere, sospensioni o lampade da terra per costruire un progetto luminoso completo.</p>","Ideal Lux Diesis lampada da tavolo per interni, ideale per comodino, soggiorno, studio e ingresso. Disponibile in Nero, Nichel e Ottone."
"IL-CONFIG-102","Ideal Lux Dorica TL1 è una lampada da tavolo per interni colorata, compatta e dal carattere contemporaneo, ideale per comodino, scrivania, libreria, ingresso, camera ragazzi e living. Caratteristiche principali: materiali: metallo e alluminio; dimensioni: Ø13cm x H25,5cm; 1 luce con attacco LED; sorgente LED 8W; alimentazione 220-240 V AC; classe II; lampadina inclusa; dimmerabile. Le varianti selezionabili comprendono finiture Acciaio, Arancione, Bianco, Blu, Bronzo, Grigio, Nero, Ottone e Rame, così puoi coordinare finitura, luce e ingombro con l’arredo.","<p>Ideal Lux Dorica TL1 è una lampada da tavolo per interni colorata, compatta e dal carattere contemporaneo. È pensata per comodino, scrivania, libreria, ingresso, camera ragazzi e living: la ricca scelta di finiture la rende adatta sia a interni sobri sia a spazi più vivaci. La sua presenza d’appoggio aiuta a completare l’illuminazione principale con una luce mirata, decorativa e piacevole da vivere ogni giorno.</p><p>La struttura è realizzata in metallo e alluminio, con proporzioni pensate per l’uso su superfici d’appoggio. Le caratteristiche tecniche principali sono: materiali: metallo e alluminio; dimensioni: Ø13cm x H25,5cm; 1 luce con attacco LED; sorgente LED 8W; alimentazione 220-240 V AC; classe II; lampadina inclusa; dimmerabile.</p><p>La famiglia Dorica TL1 permette di scegliere tra finiture Acciaio, Arancione, Bianco, Blu, Bronzo, Grigio, Nero, Ottone e Rame. In questo modo puoi selezionare la soluzione più adatta al contesto: Acciaio, Arancione, Bianco, Blu, Bronzo, Grigio, Nero, Ottone e Rame.</p><p>Scegliere Dorica TL1 significa aggiungere una lampada da tavolo Ideal Lux per interni adatta a camera da letto, soggiorno, studio o ingresso. Può essere posizionata su comodini, consolle, mensole o tavolini e coordinata con lampadari, applique o lampade da terra per un ambiente armonico e ben illuminato.</p>","Ideal Lux Dorica TL1 lampada da tavolo per interni, ideale per comodino, soggiorno, studio e ingresso."
"IL-CONFIG-103","Ideal Lux Driftwood TL1 è una lampada da tavolo per interni naturale e decorativa, con richiami al legno, ideale per soggiorno, camera da letto, case al mare, ambienti rustici e hospitality. Caratteristiche principali: materiali: tessuto e legno; dimensioni: Ø40cm x H52cm; 1 luce con attacco E27; potenza massima 1 x 60W; alimentazione 220-240 V AC; classe II; lampadina non inclusa; non dimmerabile. La configurazione disponibile comprende finitura Legno, pensata per offrire un punto luce coerente e facile da inserire nel progetto d’arredo.","<p>Ideal Lux Driftwood TL1 è una lampada da tavolo per interni naturale e decorativa, con richiami al legno. È pensata per soggiorno, camera da letto, case al mare, ambienti rustici e hospitality: valorizza arredi in stile naturale, boho o coastal con una luce calda e avvolgente. La sua presenza d’appoggio aiuta a completare l’illuminazione principale con una luce mirata, decorativa e piacevole da vivere ogni giorno.</p><p>La struttura è realizzata in tessuto e legno, con proporzioni pensate per l’uso su superfici d’appoggio. Le caratteristiche tecniche principali sono: materiali: tessuto e legno; dimensioni: Ø40cm x H52cm; 1 luce con attacco E27; potenza massima 1 x 60W; alimentazione 220-240 V AC; classe II; lampadina non inclusa; non dimmerabile.</p><p>La configurazione Driftwood TL1 comprende finitura Legno. È una scelta indicata quando si desidera un prodotto già definito, coerente nello stile e semplice da coordinare con gli altri elementi della stanza.</p><p>Scegliere Driftwood TL1 significa aggiungere una lampada da tavolo Ideal Lux per interni adatta a camera da letto, soggiorno, studio o ingresso. Può essere posizionata su comodini, consolle, mensole o tavolini e coordinata con lampadari, applique o lampade da terra per un ambiente armonico e ben illuminato.</p>","Ideal Lux Driftwood TL1 lampada da tavolo per interni, ideale per comodino, soggiorno, studio e ingresso. Disponibile in Legno."
"IL-CONFIG-104","Ideal Lux Duchessa TL1 è una lampada da tavolo per interni classica e luminosa, con presenza importante, ideale per camera da letto, soggiorno elegante, consolle, comò e suite hotel. Caratteristiche principali: materiali: metallo, vetro e tessuto; dimensioni: Ø36cm x H64cm; 1 luce con attacco E27; potenza massima 1 x 60W; alimentazione 220-240 V AC; classe II; lampadina non inclusa; non dimmerabile. La configurazione disponibile comprende finitura Trasparente, pensata per offrire un punto luce coerente e facile da inserire nel progetto d’arredo.","<p>Ideal Lux Duchessa TL1 è una lampada da tavolo per interni classica e luminosa, con presenza importante. È pensata per camera da letto, soggiorno elegante, consolle, comò e suite hotel: è adatta a chi cerca una lampada d’appoggio scenografica e ricercata. La sua presenza d’appoggio aiuta a completare l’illuminazione principale con una luce mirata, decorativa e piacevole da vivere ogni giorno.</p><p>La struttura è realizzata in metallo, vetro e tessuto, con proporzioni pensate per l’uso su superfici d’appoggio. Le caratteristiche tecniche principali sono: materiali: metallo, vetro e tessuto; dimensioni: Ø36cm x H64cm; 1 luce con attacco E27; potenza massima 1 x 60W; alimentazione 220-240 V AC; classe II; lampadina non inclusa; non dimmerabile.</p><p>La configurazione Duchessa TL1 comprende finitura Trasparente. È una scelta indicata quando si desidera un prodotto già definito, coerente nello stile e semplice da coordinare con gli altri elementi della stanza.</p><p>Scegliere Duchessa TL1 significa inserire una lampada da tavolo Ideal Lux per interni dal carattere elegante, ideale per camera da letto, soggiorno, ingresso o ambienti hospitality. È adatta a completare arredi classici, ricercati o glamour con una luce decorativa e accogliente.</p>","Ideal Lux Duchessa TL1 lampada da tavolo per interni, ideale per comodino, soggiorno, studio e ingresso. Disponibile in Trasparente."
"IL-CONFIG-105","Ideal Lux Easy è una lampada da tavolo per interni snella e tecnica, pensata per luce di lettura, ideale per scrivania, comodino, studio, ufficio domestico e zona lettura. Caratteristiche principali: materiali: metallo; dimensioni: L12,7cm x H46cm x P26cm; 1 luce con attacco LED; sorgente LED 3,5W; alimentazione 220-240 V AC; classe II; lampadina inclusa; non dimmerabile. Le varianti selezionabili comprendono finiture Bianco, Nero e Ottone, così puoi coordinare finitura, luce e ingombro con l’arredo.","<p>Ideal Lux Easy è una lampada da tavolo per interni snella e tecnica, pensata per luce di lettura. È pensata per scrivania, comodino, studio, ufficio domestico e zona lettura: garantisce un punto luce preciso senza appesantire il piano d’appoggio. La sua presenza d’appoggio aiuta a completare l’illuminazione principale con una luce mirata, decorativa e piacevole da vivere ogni giorno.</p><p>La struttura è realizzata in metallo, con proporzioni pensate per l’uso su superfici d’appoggio. Le caratteristiche tecniche principali sono: materiali: metallo; dimensioni: L12,7cm x H46cm x P26cm; 1 luce con attacco LED; sorgente LED 3,5W; alimentazione 220-240 V AC; classe II; lampadina inclusa; non dimmerabile.</p><p>La famiglia Easy permette di scegliere tra finiture Bianco, Nero e Ottone. In questo modo puoi selezionare la soluzione più adatta al contesto: Bianco, Nero e Ottone.</p><p>Perfetta per chi cerca una lampada da tavolo Ideal Lux per interni adatta a lettura, studio e lavoro, Easy valorizza scrivanie, scrittoi e comodini con una luce pratica e curata. Si abbina facilmente a plafoniere, sospensioni o lampade da terra per costruire un progetto luminoso completo.</p>","Ideal Lux Easy lampada da tavolo per interni, ideale per comodino, soggiorno, studio e ingresso. Disponibile in Bianco, Nero e Ottone."
"IL-CONFIG-106","Ideal Lux Edo TL1 è una lampada da tavolo per interni semplice e luminosa, con diffusore in vetro, ideale per comodino, tavolino, ingresso, mensola e camera da letto. Caratteristiche principali: materiali: vetro; dimensioni: Ø12cm x H35cm; 1 luce con attacco E27; potenza massima 1 x 60W; alimentazione 220-240 V AC; classe II; lampadina non inclusa; non dimmerabile. La configurazione disponibile comprende finitura Bianco, pensata per offrire un punto luce coerente e facile da inserire nel progetto d’arredo.","<p>Ideal Lux Edo TL1 è una lampada da tavolo per interni semplice e luminosa, con diffusore in vetro. È pensata per comodino, tavolino, ingresso, mensola e camera da letto: crea una luce diffusa e rassicurante, facile da inserire in molti stili d’arredo. La sua presenza d’appoggio aiuta a completare l’illuminazione principale con una luce mirata, decorativa e piacevole da vivere ogni giorno.</p><p>La struttura è realizzata in vetro, con proporzioni pensate per l’uso su superfici d’appoggio. Le caratteristiche tecniche principali sono: materiali: vetro; dimensioni: Ø12cm x H35cm; 1 luce con attacco E27; potenza massima 1 x 60W; alimentazione 220-240 V AC; classe II; lampadina non inclusa; non dimmerabile.</p><p>La configurazione Edo TL1 comprende finitura Bianco. È una scelta indicata quando si desidera un prodotto già definito, coerente nello stile e semplice da coordinare con gli altri elementi della stanza.</p><p>Scegliere Edo TL1 significa aggiungere una lampada da tavolo Ideal Lux per interni adatta a camera da letto, soggiorno, studio o ingresso. Può essere posizionata su comodini, consolle, mensole o tavolini e coordinata con lampadari, applique o lampade da terra per un ambiente armonico e ben illuminato.</p>","Ideal Lux Edo TL1 lampada da tavolo per interni, ideale per comodino, soggiorno, studio e ingresso. Disponibile in Bianco."
"IL-CONFIG-107","Ideal Lux Enya è una lampada da tavolo per esterni ricaricabile, compatta e adatta all’outdoor, ideale per tavoli all’aperto, balconi, terrazze, dehors e zone relax. Caratteristiche principali: materiali: alluminio e metallo; dimensioni: L12cm x H30cm x P12cm; 1 luce con attacco LED; sorgente LED 5W; alimentazione 5 V DC; classe III; protezione IP54; lampadina inclusa; dimmerabile. Le varianti selezionabili comprendono finiture Bianco, Caffè e Nero, così puoi coordinare finitura, luce e ingombro con l’arredo.","<p>Ideal Lux Enya è una lampada da tavolo per esterni ricaricabile, compatta e adatta all’outdoor. È pensata per tavoli all’aperto, balconi, terrazze, dehors e zone relax: permette di portare luce dove serve, anche in spazi esterni senza prese vicine. La sua presenza d’appoggio aiuta a completare l’illuminazione principale con una luce mirata, decorativa e piacevole da vivere ogni giorno.</p><p>La struttura è realizzata in alluminio e metallo, con proporzioni pensate per l’uso su superfici d’appoggio. Le caratteristiche tecniche principali sono: materiali: alluminio e metallo; dimensioni: L12cm x H30cm x P12cm; 1 luce con attacco LED; sorgente LED 5W; alimentazione 5 V DC; classe III; protezione IP54; lampadina inclusa; dimmerabile.</p><p>La famiglia Enya permette di scegliere tra finiture Bianco, Caffè e Nero. In questo modo puoi selezionare la soluzione più adatta al contesto: Bianco, Caffè e Nero.</p><p>Questa lampada da tavolo Ideal Lux per esterni è indicata per creare atmosfera su tavoli outdoor, balconi, terrazze, portici e aree lounge. Può essere inserita in progetti residenziali o contract, anche in abbinamento ad applique, paletti e altre lampade da esterno per ottenere un’illuminazione coordinata.</p>","Ideal Lux Enya lampada da tavolo per esterni, ideale per terrazze, balconi, dehors e tavoli outdoor. Disponibile in Bianco, Caffè e Nero."
"IL-CONFIG-108","Ideal Lux Essence TL ROUND è una lampada da tavolo per interni minimalista e sottile, con luce LED integrata, ideale per comodino, scrivania, consolle, ingresso e living contemporaneo. Caratteristiche principali: materiali: metallo e vetro; dimensioni: L5cm x H39,5cm x P5,5cm; 1 luce con attacco LED; sorgente LED 12W; alimentazione 220-240 V AC; classe II; lampadina inclusa; dimmerabile. Le varianti selezionabili comprendono finiture Bianco e Nero; temperature colore 3000K, così puoi coordinare finitura, luce e ingombro con l’arredo.","<p>Ideal Lux Essence TL ROUND è una lampada da tavolo per interni minimalista e sottile, con luce LED integrata. È pensata per comodino, scrivania, consolle, ingresso e living contemporaneo: è pensata per ambienti moderni dove contano pulizia formale e luce confortevole. La sua presenza d’appoggio aiuta a completare l’illuminazione principale con una luce mirata, decorativa e piacevole da vivere ogni giorno.</p><p>La struttura è realizzata in metallo e vetro, con proporzioni pensate per l’uso su superfici d’appoggio. Le caratteristiche tecniche principali sono: materiali: metallo e vetro; dimensioni: L5cm x H39,5cm x P5,5cm; 1 luce con attacco LED; sorgente LED 12W; alimentazione 220-240 V AC; classe II; lampadina inclusa; dimmerabile.</p><p>La famiglia Essence TL ROUND permette di scegliere tra finiture Bianco e Nero; temperature colore 3000K. In questo modo puoi selezionare la soluzione più adatta al contesto: Bianco 3000K e Nero 3000K.</p><p>Scegliere Essence TL ROUND significa aggiungere una lampada da tavolo Ideal Lux per interni adatta a camera da letto, soggiorno, studio o ingresso. Può essere posizionata su comodini, consolle, mensole o tavolini e coordinata con lampadari, applique o lampade da terra per un ambiente armonico e ben illuminato.</p>","Ideal Lux Essence TL ROUND lampada da tavolo per interni, ideale per comodino, soggiorno, studio e ingresso. Disponibile in Bianco e Nero, luce 3000K."
"IL-CONFIG-109","Ideal Lux Essence TL SQUARE è una lampada da tavolo per interni minimalista e sottile, con luce LED integrata, ideale per comodino, scrivania, consolle, ingresso e living contemporaneo. Caratteristiche principali: materiali: metallo e vetro; dimensioni: L5cm x H39,5cm x P5,5cm; 1 luce con attacco LED; sorgente LED 12W; alimentazione 220-240 V AC; classe II; lampadina inclusa; dimmerabile. Le varianti selezionabili comprendono finiture Bianco e Nero; temperature colore 3000K, così puoi coordinare finitura, luce e ingombro con l’arredo.","<p>Ideal Lux Essence TL SQUARE è una lampada da tavolo per interni minimalista e sottile, con luce LED integrata. È pensata per comodino, scrivania, consolle, ingresso e living contemporaneo: è pensata per ambienti moderni dove contano pulizia formale e luce confortevole. La sua presenza d’appoggio aiuta a completare l’illuminazione principale con una luce mirata, decorativa e piacevole da vivere ogni giorno.</p><p>La struttura è realizzata in metallo e vetro, con proporzioni pensate per l’uso su superfici d’appoggio. Le caratteristiche tecniche principali sono: materiali: metallo e vetro; dimensioni: L5cm x H39,5cm x P5,5cm; 1 luce con attacco LED; sorgente LED 12W; alimentazione 220-240 V AC; classe II; lampadina inclusa; dimmerabile.</p><p>La famiglia Essence TL SQUARE permette di scegliere tra finiture Bianco e Nero; temperature colore 3000K. In questo modo puoi selezionare la soluzione più adatta al contesto: Bianco 3000K e Nero 3000K.</p><p>Scegliere Essence TL SQUARE significa aggiungere una lampada da tavolo Ideal Lux per interni adatta a camera da letto, soggiorno, studio o ingresso. Può essere posizionata su comodini, consolle, mensole o tavolini e coordinata con lampadari, applique o lampade da terra per un ambiente armonico e ben illuminato.</p>","Ideal Lux Essence TL SQUARE lampada da tavolo per interni, ideale per comodino, soggiorno, studio e ingresso. Disponibile in Bianco e Nero, luce 3000K."
"IL-CONFIG-110","Ideal Lux Filo TL è una lampada da tavolo per interni grafica e leggera, con linea slanciata, ideale per comodino, scrivania, consolle, libreria e angolo lettura. Caratteristiche principali: materiali: alluminio e metallo; dimensioni: Ø15cm x H47cm; 1 luce con attacco LED; sorgente LED 10W; alimentazione 220-240 V AC; classe II; lampadina inclusa; non dimmerabile. Le varianti selezionabili comprendono finiture Bianco, Nero e Ottone; temperature colore 3000K, così puoi coordinare finitura, luce e ingombro con l’arredo.","<p>Ideal Lux Filo TL è una lampada da tavolo per interni grafica e leggera, con linea slanciata. È pensata per comodino, scrivania, consolle, libreria e angolo lettura: disegna una presenza luminosa sottile, adatta a interni essenziali e curati. La sua presenza d’appoggio aiuta a completare l’illuminazione principale con una luce mirata, decorativa e piacevole da vivere ogni giorno.</p><p>La struttura è realizzata in alluminio e metallo, con proporzioni pensate per l’uso su superfici d’appoggio. Le caratteristiche tecniche principali sono: materiali: alluminio e metallo; dimensioni: Ø15cm x H47cm; 1 luce con attacco LED; sorgente LED 10W; alimentazione 220-240 V AC; classe II; lampadina inclusa; non dimmerabile.</p><p>La famiglia Filo TL permette di scegliere tra finiture Bianco, Nero e Ottone; temperature colore 3000K. In questo modo puoi selezionare la soluzione più adatta al contesto: Bianco 3000K, Nero 3000K e Ottone 3000K.</p><p>Scegliere Filo TL significa aggiungere una lampada da tavolo Ideal Lux per interni adatta a camera da letto, soggiorno, studio o ingresso. Può essere posizionata su comodini, consolle, mensole o tavolini e coordinata con lampadari, applique o lampade da terra per un ambiente armonico e ben illuminato.</p>","Ideal Lux Filo TL lampada da tavolo per interni, ideale per comodino, soggiorno, studio e ingresso. Disponibile in Bianco, Nero e Ottone, luce 3000K."
"IL-CONFIG-111","Ideal Lux Firenze TL1 è una lampada da tavolo per interni classica e decorativa, dal gusto tradizionale, ideale per camera da letto, salotto, studio classico, ingresso e strutture ricettive. Caratteristiche principali: materiali: metallo, tessuto e resina; dimensioni: Ø24cm x H35cm; 1 luce con attacco E14; potenza massima 1 x 40W; alimentazione 220-240 V AC; classe II; lampadina non inclusa; non dimmerabile. Le varianti selezionabili comprendono finiture Bianco e Oro, così puoi coordinare finitura, luce e ingombro con l’arredo.","<p>Ideal Lux Firenze TL1 è una lampada da tavolo per interni classica e decorativa, dal gusto tradizionale. È pensata per camera da letto, salotto, studio classico, ingresso e strutture ricettive: arricchisce l’ambiente con una luce calda e dettagli ornamentali. La sua presenza d’appoggio aiuta a completare l’illuminazione principale con una luce mirata, decorativa e piacevole da vivere ogni giorno.</p><p>La struttura è realizzata in metallo, tessuto e resina, con proporzioni pensate per l’uso su superfici d’appoggio. Le caratteristiche tecniche principali sono: materiali: metallo, tessuto e resina; dimensioni: Ø24cm x H35cm; 1 luce con attacco E14; potenza massima 1 x 40W; alimentazione 220-240 V AC; classe II; lampadina non inclusa; non dimmerabile.</p><p>La famiglia Firenze TL1 permette di scegliere tra finiture Bianco e Oro. In questo modo puoi selezionare la soluzione più adatta al contesto: Bianco e Oro.</p><p>Scegliere Firenze TL1 significa inserire una lampada da tavolo Ideal Lux per interni dal carattere elegante, ideale per camera da letto, soggiorno, ingresso o ambienti hospitality. È adatta a completare arredi classici, ricercati o glamour con una luce decorativa e accogliente.</p>","Ideal Lux Firenze TL1 lampada da tavolo per interni, ideale per comodino, soggiorno, studio e ingresso. Disponibile in Bianco e Oro."
"IL-CONFIG-112","Ideal Lux Futura è una lampada da tavolo per interni snodata e orientabile, progettata per il lavoro, ideale per scrivania, studio, ufficio, postazione home office e banco lettura. Caratteristiche principali: materiali: alluminio, metallo e materiale plastico; dimensioni: L58cm x H65,5cm x P18,5cm; 1 luce con attacco LED; sorgente LED 12,5W; alimentazione 100-240 V AC; classe II; lampadina inclusa; dimmerabile. Le varianti selezionabili comprendono finiture Alluminio, Bianco e Nero, così puoi coordinare finitura, luce e ingombro con l’arredo.","<p>Ideal Lux Futura è una lampada da tavolo per interni snodata e orientabile, progettata per il lavoro. È pensata per scrivania, studio, ufficio, postazione home office e banco lettura: consente di direzionare il fascio luminoso in modo pratico durante lettura e attività operative. La sua presenza d’appoggio aiuta a completare l’illuminazione principale con una luce mirata, decorativa e piacevole da vivere ogni giorno.</p><p>La struttura valorizza alluminio, metallo e materiale plastico con dettagli costruttivi curati. Braccio in alluminio e plastica, snodato con cavo a vista in pvc. Diffusore orientabile a led e interruttore incorporato. Spina con alimentatore. Le caratteristiche tecniche principali sono: materiali: alluminio, metallo e materiale plastico; dimensioni: L58cm x H65,5cm x P18,5cm; 1 luce con attacco LED; sorgente LED 12,5W; alimentazione 100-240 V AC; classe II; lampadina inclusa; dimmerabile.</p><p>La famiglia Futura permette di scegliere tra finiture Alluminio, Bianco e Nero. In questo modo puoi selezionare la soluzione più adatta al contesto: Alluminio, Bianco e Nero.</p><p>Perfetta per chi cerca una lampada da tavolo Ideal Lux per interni adatta a lettura, studio e lavoro, Futura valorizza scrivanie, scrittoi e comodini con una luce pratica e curata. Si abbina facilmente a plafoniere, sospensioni o lampade da terra per costruire un progetto luminoso completo.</p>","Ideal Lux Futura lampada da tavolo per interni, ideale per comodino, soggiorno, studio e ingresso. Disponibile in Alluminio, Bianco e Nero."
"IL-CONFIG-113","Ideal Lux Kali'-1 TL1 è una lampada da tavolo per interni delicata e decorativa, con paralume in tessuto, ideale per comodino, cameretta, ingresso, mensola e piccolo tavolino. Caratteristiche principali: materiali: metallo e tessuto; dimensioni: L12,5cm x H29,5cm x P11cm; 1 luce con attacco E14; potenza massima 1 x 40W; alimentazione 220-240 V AC; classe II; lampadina non inclusa; non dimmerabile. La configurazione disponibile comprende finitura Bianco, pensata per offrire un punto luce coerente e facile da inserire nel progetto d’arredo.","<p>Ideal Lux Kali'-1 TL1 è una lampada da tavolo per interni delicata e decorativa, con paralume in tessuto. È pensata per comodino, cameretta, ingresso, mensola e piccolo tavolino: è adatta a chi cerca una lampada compatta dalla luce morbida. La sua presenza d’appoggio aiuta a completare l’illuminazione principale con una luce mirata, decorativa e piacevole da vivere ogni giorno.</p><p>La struttura è realizzata in metallo e tessuto, con proporzioni pensate per l’uso su superfici d’appoggio. Le caratteristiche tecniche principali sono: materiali: metallo e tessuto; dimensioni: L12,5cm x H29,5cm x P11cm; 1 luce con attacco E14; potenza massima 1 x 40W; alimentazione 220-240 V AC; classe II; lampadina non inclusa; non dimmerabile.</p><p>La configurazione Kali'-1 TL1 comprende finitura Bianco. È una scelta indicata quando si desidera un prodotto già definito, coerente nello stile e semplice da coordinare con gli altri elementi della stanza.</p><p>Scegliere Kali'-1 TL1 significa aggiungere una lampada da tavolo Ideal Lux per interni adatta a camera da letto, soggiorno, studio o ingresso. Può essere posizionata su comodini, consolle, mensole o tavolini e coordinata con lampadari, applique o lampade da terra per un ambiente armonico e ben illuminato.</p>","Ideal Lux Kali'-1 TL1 lampada da tavolo per interni, ideale per comodino, soggiorno, studio e ingresso. Disponibile in Bianco."
"IL-CONFIG-114","Ideal Lux Kali'-2 TL1 è una lampada da tavolo per interni morbida e decorativa, con forma equilibrata, ideale per comodino, camera da letto, ingresso, mensola e soggiorno. Caratteristiche principali: materiali: metallo e tessuto; dimensioni: Ø20cm x H28,5cm; 1 luce con attacco E14; potenza massima 1 x 40W; alimentazione 220-240 V AC; classe II; lampadina non inclusa; non dimmerabile. La configurazione disponibile comprende finitura Bianco, pensata per offrire un punto luce coerente e facile da inserire nel progetto d’arredo.","<p>Ideal Lux Kali'-2 TL1 è una lampada da tavolo per interni morbida e decorativa, con forma equilibrata. È pensata per comodino, camera da letto, ingresso, mensola e soggiorno: illumina con discrezione e si abbina facilmente a interni chiari e rilassanti. La sua presenza d’appoggio aiuta a completare l’illuminazione principale con una luce mirata, decorativa e piacevole da vivere ogni giorno.</p><p>La struttura è realizzata in metallo e tessuto, con proporzioni pensate per l’uso su superfici d’appoggio. Le caratteristiche tecniche principali sono: materiali: metallo e tessuto; dimensioni: Ø20cm x H28,5cm; 1 luce con attacco E14; potenza massima 1 x 40W; alimentazione 220-240 V AC; classe II; lampadina non inclusa; non dimmerabile.</p><p>La configurazione Kali'-2 TL1 comprende finitura Bianco. È una scelta indicata quando si desidera un prodotto già definito, coerente nello stile e semplice da coordinare con gli altri elementi della stanza.</p><p>Scegliere Kali'-2 TL1 significa aggiungere una lampada da tavolo Ideal Lux per interni adatta a camera da letto, soggiorno, studio o ingresso. Può essere posizionata su comodini, consolle, mensole o tavolini e coordinata con lampadari, applique o lampade da terra per un ambiente armonico e ben illuminato.</p>","Ideal Lux Kali'-2 TL1 lampada da tavolo per interni, ideale per comodino, soggiorno, studio e ingresso. Disponibile in Bianco."
"IL-CONFIG-115","Ideal Lux Kali'-3 TL1 è una lampada da tavolo per interni slanciata e delicata, con paralume in tessuto, ideale per comodino, consolle, camera da letto, ingresso e zona relax. Caratteristiche principali: materiali: metallo e tessuto; dimensioni: Ø15cm x H32cm; 1 luce con attacco E14; potenza massima 1 x 40W; alimentazione 220-240 V AC; classe II; lampadina non inclusa; non dimmerabile. La configurazione disponibile comprende finitura Bianco, pensata per offrire un punto luce coerente e facile da inserire nel progetto d’arredo.","<p>Ideal Lux Kali'-3 TL1 è una lampada da tavolo per interni slanciata e delicata, con paralume in tessuto. È pensata per comodino, consolle, camera da letto, ingresso e zona relax: aggiunge una luce d’appoggio gradevole e poco invasiva. La sua presenza d’appoggio aiuta a completare l’illuminazione principale con una luce mirata, decorativa e piacevole da vivere ogni giorno.</p><p>La struttura è realizzata in metallo e tessuto, con proporzioni pensate per l’uso su superfici d’appoggio. Le caratteristiche tecniche principali sono: materiali: metallo e tessuto; dimensioni: Ø15cm x H32cm; 1 luce con attacco E14; potenza massima 1 x 40W; alimentazione 220-240 V AC; classe II; lampadina non inclusa; non dimmerabile.</p><p>La configurazione Kali'-3 TL1 comprende finitura Bianco. È una scelta indicata quando si desidera un prodotto già definito, coerente nello stile e semplice da coordinare con gli altri elementi della stanza.</p><p>Scegliere Kali'-3 TL1 significa aggiungere una lampada da tavolo Ideal Lux per interni adatta a camera da letto, soggiorno, studio o ingresso. Può essere posizionata su comodini, consolle, mensole o tavolini e coordinata con lampadari, applique o lampade da terra per un ambiente armonico e ben illuminato.</p>","Ideal Lux Kali'-3 TL1 lampada da tavolo per interni, ideale per comodino, soggiorno, studio e ingresso. Disponibile in Bianco."
"IL-CONFIG-116","Ideal Lux Lawyer TL1 è una lampada da tavolo per interni classica da studio, ispirata alle lampade da lettura, ideale per scrivania, studio, libreria, ufficio, scrittoio e comodino. Caratteristiche principali: materiali: metallo e vetro; dimensioni: Ø26cm x H38cm; 1 luce con attacco E27; potenza massima 1 x 60W; alimentazione 220-240 V AC; classe II; lampadina non inclusa; non dimmerabile. Le varianti selezionabili comprendono finiture Brunito e Ottone, così puoi coordinare finitura, luce e ingombro con l’arredo.","<p>Ideal Lux Lawyer TL1 è una lampada da tavolo per interni classica da studio, ispirata alle lampade da lettura. È pensata per scrivania, studio, libreria, ufficio, scrittoio e comodino: offre un’eleganza senza tempo, perfetta per ambienti professionali o domestici ricercati. La sua presenza d’appoggio aiuta a completare l’illuminazione principale con una luce mirata, decorativa e piacevole da vivere ogni giorno.</p><p>La struttura valorizza metallo e vetro con dettagli costruttivi curati. Montatura in metallo con finitura disponibile in ottone, in cromo o in brunito. Diffusore in vetro soffiato e incamiciato. Le caratteristiche tecniche principali sono: materiali: metallo e vetro; dimensioni: Ø26cm x H38cm; 1 luce con attacco E27; potenza massima 1 x 60W; alimentazione 220-240 V AC; classe II; lampadina non inclusa; non dimmerabile.</p><p>La famiglia Lawyer TL1 permette di scegliere tra finiture Brunito e Ottone. In questo modo puoi selezionare la soluzione più adatta al contesto: Brunito e Ottone.</p><p>Perfetta per chi cerca una lampada da tavolo Ideal Lux per interni adatta a lettura, studio e lavoro, Lawyer TL1 valorizza scrivanie, scrittoi e comodini con una luce pratica e curata. Si abbina facilmente a plafoniere, sospensioni o lampade da terra per costruire un progetto luminoso completo.</p>","Ideal Lux Lawyer TL1 lampada da tavolo per interni, ideale per comodino, soggiorno, studio e ingresso. Disponibile in Brunito e Ottone."
"IL-CONFIG-117","Ideal Lux Lingotto TL1 è una lampada da tavolo per interni compatta e preziosa, con vetro e finiture metalliche, ideale per comodino, mensola, consolle, tavolino e angoli decorativi. Caratteristiche principali: materiali: metallo e vetro; dimensioni: L18,5cm x H22cm x P18,5cm e L12cm x H15cm x P12cm; 1 luce con attacchi E14 e G9; potenza massima 1 x 28W e potenza massima 1 x 4W; alimentazione 220-240 V AC; classe II; lampadina inclusa in alcune versioni; non dimmerabile. Le varianti selezionabili comprendono finiture Nero e Ottone; dimensioni L18,5cm x H22cm x P18,5cm e L12cm x H15cm x P12cm; attacchi E14 e G9; potenze 1 x 28W e 1 x 4W, così puoi coordinare finitura, luce e ingombro con l’arredo.","<p>Ideal Lux Lingotto TL1 è una lampada da tavolo per interni compatta e preziosa, con vetro e finiture metalliche. È pensata per comodino, mensola, consolle, tavolino e angoli decorativi: la doppia dimensione permette di scegliere tra presenza più discreta o più evidente. La sua presenza d’appoggio aiuta a completare l’illuminazione principale con una luce mirata, decorativa e piacevole da vivere ogni giorno.</p><p>La struttura è realizzata in metallo e vetro, con proporzioni pensate per l’uso su superfici d’appoggio. Le caratteristiche tecniche principali sono: materiali: metallo e vetro; dimensioni: L18,5cm x H22cm x P18,5cm e L12cm x H15cm x P12cm; 1 luce con attacchi E14 e G9; potenza massima 1 x 28W e potenza massima 1 x 4W; alimentazione 220-240 V AC; classe II; lampadina inclusa in alcune versioni; non dimmerabile.</p><p>La famiglia Lingotto TL1 permette di scegliere tra finiture Nero e Ottone; dimensioni L18,5cm x H22cm x P18,5cm e L12cm x H15cm x P12cm; attacchi E14 e G9; potenze 1 x 28W e 1 x 4W. In questo modo puoi selezionare la soluzione più adatta al contesto: Nero L18,5cm x H22cm x P18,5cm E14, Ottone L18,5cm x H22cm x P18,5cm E14, Nero L12cm x H15cm x P12cm G9 e Ottone L12cm x H15cm x P12cm G9.</p><p>Scegliere Lingotto TL1 significa aggiungere una lampada da tavolo Ideal Lux per interni adatta a camera da letto, soggiorno, studio o ingresso. Può essere posizionata su comodini, consolle, mensole o tavolini e coordinata con lampadari, applique o lampade da terra per un ambiente armonico e ben illuminato.</p>","Ideal Lux Lingotto TL1 lampada da tavolo per interni, ideale per comodino, soggiorno, studio e ingresso. Disponibile in Nero e Ottone."
"IL-CONFIG-118","Ideal Lux Lolita è una lampada da tavolo per esterni ricaricabile e versatile per l’esterno, ideale per tavoli outdoor, terrazze, balconi, dehors, ristoranti e zone lounge. Caratteristiche principali: materiali: metallo, alluminio e materiale plastico; dimensioni: Ø12,5cm x H34,5cm; 1 luce con attacco LED; sorgente LED 1,8W; alimentazione 5 V DC; classe III; protezione IP54; lampadina inclusa; dimmerabile. Le varianti selezionabili comprendono finiture Bianco, Caffè e Nero, così puoi coordinare finitura, luce e ingombro con l’arredo.","<p>Ideal Lux Lolita è una lampada da tavolo per esterni ricaricabile e versatile per l’esterno. È pensata per tavoli outdoor, terrazze, balconi, dehors, ristoranti e zone lounge: porta luce decorativa e pratica in contesti outdoor residenziali o contract. La sua presenza d’appoggio aiuta a completare l’illuminazione principale con una luce mirata, decorativa e piacevole da vivere ogni giorno.</p><p>La struttura valorizza metallo, alluminio e materiale plastico con dettagli costruttivi curati. Lampada da tavolo a batteria ricaricabile con finitura bianca, grigia, nera o coffee. Base in plastica. Montatura in metallo. Diffusore in materiale plastico. Autonomia di 14 ore. Tempo di ricarica della batteria 7 ore. Le caratteristiche tecniche principali sono: materiali: metallo, alluminio e materiale plastico; dimensioni: Ø12,5cm x H34,5cm; 1 luce con attacco LED; sorgente LED 1,8W; alimentazione 5 V DC; classe III; protezione IP54; lampadina inclusa; dimmerabile.</p><p>La famiglia Lolita permette di scegliere tra finiture Bianco, Caffè e Nero. In questo modo puoi selezionare la soluzione più adatta al contesto: Bianco, Caffè e Nero.</p><p>Questa lampada da tavolo Ideal Lux per esterni è indicata per creare atmosfera su tavoli outdoor, balconi, terrazze, portici e aree lounge. Può essere inserita in progetti residenziali o contract, anche in abbinamento ad applique, paletti e altre lampade da esterno per ottenere un’illuminazione coordinata.</p>","Ideal Lux Lolita lampada da tavolo per esterni, ideale per terrazze, balconi, dehors e tavoli outdoor. Disponibile in Bianco, Caffè e Nero."
"IL-CONFIG-119","Ideal Lux Lolita TL COOL è una lampada da tavolo per esterni ricaricabile e versatile per l’esterno, ideale per tavoli outdoor, terrazze, balconi, dehors, ristoranti e zone lounge. Caratteristiche principali: materiali: metallo, alluminio e materiale plastico; dimensioni: Ø12,5cm x H34,5cm; 1 luce con attacco LED; sorgente LED 1,8W; alimentazione 5 V DC; classe III; protezione IP54; lampadina inclusa; dimmerabile. La configurazione disponibile comprende finitura Grigio, pensata per offrire un punto luce coerente e facile da inserire nel progetto d’arredo.","<p>Ideal Lux Lolita TL COOL è una lampada da tavolo per esterni ricaricabile e versatile per l’esterno. È pensata per tavoli outdoor, terrazze, balconi, dehors, ristoranti e zone lounge: porta luce decorativa e pratica in contesti outdoor residenziali o contract. La sua presenza d’appoggio aiuta a completare l’illuminazione principale con una luce mirata, decorativa e piacevole da vivere ogni giorno.</p><p>La struttura è realizzata in metallo, alluminio e materiale plastico, con proporzioni pensate per l’uso su superfici d’appoggio. Le caratteristiche tecniche principali sono: materiali: metallo, alluminio e materiale plastico; dimensioni: Ø12,5cm x H34,5cm; 1 luce con attacco LED; sorgente LED 1,8W; alimentazione 5 V DC; classe III; protezione IP54; lampadina inclusa; dimmerabile.</p><p>La configurazione Lolita TL COOL comprende finitura Grigio. È una scelta indicata quando si desidera un prodotto già definito, coerente nello stile e semplice da coordinare con gli altri elementi della stanza.</p><p>Questa lampada da tavolo Ideal Lux per esterni è indicata per creare atmosfera su tavoli outdoor, balconi, terrazze, portici e aree lounge. Può essere inserita in progetti residenziali o contract, anche in abbinamento ad applique, paletti e altre lampade da esterno per ottenere un’illuminazione coordinata.</p>","Ideal Lux Lolita TL COOL lampada da tavolo per esterni, ideale per terrazze, balconi, dehors e tavoli outdoor. Disponibile in Grigio."
"IL-CONFIG-120","Ideal Lux London TL1 è una lampada da tavolo per interni sobria e trasversale, con paralume tessile, ideale per camera da letto, soggiorno, studio, hotel, comodino e consolle. Caratteristiche principali: materiali: metallo, tessuto e materiale plastico; dimensioni: Ø23,5cm x H36,5cm e Ø32cm x H48,5cm; 1 luce con attacco E27; potenza massima 1 x 60W; alimentazione 220-240 V AC; classe II; lampadina non inclusa; non dimmerabile. Le varianti selezionabili comprendono finiture Bianco, Cromo e Nero; dimensioni Ø23,5cm x H36,5cm e Ø32cm x H48,5cm, così puoi coordinare finitura, luce e ingombro con l’arredo.","<p>Ideal Lux London TL1 è una lampada da tavolo per interni sobria e trasversale, con paralume tessile. È pensata per camera da letto, soggiorno, studio, hotel, comodino e consolle: è una scelta equilibrata per chi cerca una lampada con paralume elegante e facile da coordinare. La sua presenza d’appoggio aiuta a completare l’illuminazione principale con una luce mirata, decorativa e piacevole da vivere ogni giorno.</p><p>La struttura valorizza metallo, tessuto e materiale plastico con dettagli costruttivi curati. Montatura in metallo rifinito in cromo o con vernice opaca bianca o nera. Paralume in lamina di PVC rivestito di tessuto, per la versione cromo in lamina di PVC cromata e semi trasparente. Le caratteristiche tecniche principali sono: materiali: metallo, tessuto e materiale plastico; dimensioni: Ø23,5cm x H36,5cm e Ø32cm x H48,5cm; 1 luce con attacco E27; potenza massima 1 x 60W; alimentazione 220-240 V AC; classe II; lampadina non inclusa; non dimmerabile.</p><p>La famiglia London TL1 permette di scegliere tra finiture Bianco, Cromo e Nero; dimensioni Ø23,5cm x H36,5cm e Ø32cm x H48,5cm. In questo modo puoi selezionare la soluzione più adatta al contesto: Bianco Ø23,5cm x H36,5cm, Bianco Ø32cm x H48,5cm, Cromo Ø32cm x H48,5cm, Nero Ø32cm x H48,5cm, Cromo Ø23,5cm x H36,5cm e Nero Ø23,5cm x H36,5cm.</p><p>Scegliere London TL1 significa aggiungere una lampada da tavolo Ideal Lux per interni adatta a camera da letto, soggiorno, studio o ingresso. Può essere posizionata su comodini, consolle, mensole o tavolini e coordinata con lampadari, applique o lampade da terra per un ambiente armonico e ben illuminato.</p>","Ideal Lux London TL1 lampada da tavolo per interni, ideale per comodino, soggiorno, studio e ingresso. Disponibile in Bianco, Cromo e Nero, con più dimensioni."
"IL-CONFIG-121","Ideal Lux Lumiere è una lampada da tavolo per interni scenografica e luminosa, con vetro protagonista, ideale per comodino, salotto, ingresso, consolle e spazi contract. Caratteristiche principali: materiali: vetro e metallo; dimensioni: Ø18cm x H50cm; 1 luce con attacco LED; sorgente LED 18W; alimentazione 220-240 V AC; classe II; lampadina inclusa; non dimmerabile. La configurazione disponibile comprende finitura Bianco, pensata per offrire un punto luce coerente e facile da inserire nel progetto d’arredo.","<p>Ideal Lux Lumiere è una lampada da tavolo per interni scenografica e luminosa, con vetro protagonista. È pensata per comodino, salotto, ingresso, consolle e spazi contract: diventa un elemento decorativo importante anche da spenta. La sua presenza d’appoggio aiuta a completare l’illuminazione principale con una luce mirata, decorativa e piacevole da vivere ogni giorno.</p><p>La struttura è realizzata in vetro e metallo, con proporzioni pensate per l’uso su superfici d’appoggio. Le caratteristiche tecniche principali sono: materiali: vetro e metallo; dimensioni: Ø18cm x H50cm; 1 luce con attacco LED; sorgente LED 18W; alimentazione 220-240 V AC; classe II; lampadina inclusa; non dimmerabile.</p><p>La configurazione Lumiere comprende finitura Bianco. È una scelta indicata quando si desidera un prodotto già definito, coerente nello stile e semplice da coordinare con gli altri elementi della stanza.</p><p>Scegliere Lumiere significa aggiungere una lampada da tavolo Ideal Lux per interni adatta a camera da letto, soggiorno, studio o ingresso. Può essere posizionata su comodini, consolle, mensole o tavolini e coordinata con lampadari, applique o lampade da terra per un ambiente armonico e ben illuminato.</p>","Ideal Lux Lumiere lampada da tavolo per interni, ideale per comodino, soggiorno, studio e ingresso. Disponibile in Bianco."
"IL-CONFIG-122","Ideal Lux Mapa TL1 è una lampada da tavolo per interni essenziale e diffusa, con globo in vetro, ideale per comodino, mensola, tavolino, ingresso, camera e soggiorno. Caratteristiche principali: materiali: metallo e vetro; dimensioni: Ø10cm x H11,5cm, Ø20cm x H21cm, Ø30cm x H32cm e Ø40cm x H42cm; 1 luce con attacchi G9 ed E27; potenza massima 1 x 4W e potenza massima 1 x 42W; alimentazione 220-240 V AC; classe II; lampadina inclusa in alcune versioni; non dimmerabile. Le varianti selezionabili comprendono finitura Bianco; dimensioni Ø10cm x H11,5cm, Ø20cm x H21cm, Ø30cm x H32cm e Ø40cm x H42cm; attacchi G9 ed E27; potenze 1 x 4W e 1 x 42W, così puoi coordinare finitura, luce e ingombro con l’arredo.","<p>Ideal Lux Mapa TL1 è una lampada da tavolo per interni essenziale e diffusa, con globo in vetro. È pensata per comodino, mensola, tavolino, ingresso, camera e soggiorno: consente di scegliere il diametro più adatto per luce d’accento o presenza più importante. La sua presenza d’appoggio aiuta a completare l’illuminazione principale con una luce mirata, decorativa e piacevole da vivere ogni giorno.</p><p>La struttura è realizzata in metallo e vetro, con proporzioni pensate per l’uso su superfici d’appoggio. Le caratteristiche tecniche principali sono: materiali: metallo e vetro; dimensioni: Ø10cm x H11,5cm, Ø20cm x H21cm, Ø30cm x H32cm e Ø40cm x H42cm; 1 luce con attacchi G9 ed E27; potenza massima 1 x 4W e potenza massima 1 x 42W; alimentazione 220-240 V AC; classe II; lampadina inclusa in alcune versioni; non dimmerabile.</p><p>La famiglia Mapa TL1 permette di scegliere tra finitura Bianco; dimensioni Ø10cm x H11,5cm, Ø20cm x H21cm, Ø30cm x H32cm e Ø40cm x H42cm; attacchi G9 ed E27; potenze 1 x 4W e 1 x 42W. In questo modo puoi selezionare la soluzione più adatta al contesto: Bianco Ø10cm x H11,5cm G9, Bianco Ø20cm x H21cm E27, Bianco Ø30cm x H32cm E27 e Bianco Ø40cm x H42cm E27.</p><p>Scegliere Mapa TL1 significa aggiungere una lampada da tavolo Ideal Lux per interni adatta a camera da letto, soggiorno, studio o ingresso. Può essere posizionata su comodini, consolle, mensole o tavolini e coordinata con lampadari, applique o lampade da terra per un ambiente armonico e ben illuminato.</p>","Ideal Lux Mapa TL1 lampada da tavolo per interni, ideale per comodino, soggiorno, studio e ingresso. Disponibile in Bianco."
"IL-CONFIG-123","Ideal Lux Mignon è una lampada da tavolo per interni mini e ricaricabile, per piccoli punti luce, ideale per comodino, mensola, tavolino, libreria, corridoio e angoli di passaggio. Caratteristiche principali: dimensioni: Ø10cm x H6,6cm; 1 luce con attacco LED; sorgente LED 5W; alimentazione 5 V DC; classe III; lampadina inclusa; dimmerabile. Le varianti selezionabili comprendono finiture Caffè e Nero, così puoi coordinare finitura, luce e ingombro con l’arredo.","<p>Ideal Lux Mignon è una lampada da tavolo per interni mini e ricaricabile, per piccoli punti luce. È pensata per comodino, mensola, tavolino, libreria, corridoio e angoli di passaggio: risolve con eleganza le esigenze di luce d’atmosfera in spazi ridotti. La sua presenza d’appoggio aiuta a completare l’illuminazione principale con una luce mirata, decorativa e piacevole da vivere ogni giorno.</p><p>La struttura è realizzata in materiali selezionati, con proporzioni pensate per l’uso su superfici d’appoggio. Le caratteristiche tecniche principali sono: dimensioni: Ø10cm x H6,6cm; 1 luce con attacco LED; sorgente LED 5W; alimentazione 5 V DC; classe III; lampadina inclusa; dimmerabile.</p><p>La famiglia Mignon permette di scegliere tra finiture Caffè e Nero. In questo modo puoi selezionare la soluzione più adatta al contesto: Caffè e Nero.</p><p>Scegliere Mignon significa aggiungere una lampada da tavolo Ideal Lux per interni adatta a camera da letto, soggiorno, studio o ingresso. Può essere posizionata su comodini, consolle, mensole o tavolini e coordinata con lampadari, applique o lampade da terra per un ambiente armonico e ben illuminato.</p>","Ideal Lux Mignon lampada da tavolo per interni, ideale per comodino, soggiorno, studio e ingresso. Disponibile in Caffè e Nero."
"IL-CONFIG-124","Ideal Lux Mignon TL è una lampada da tavolo per interni mini e ricaricabile, per piccoli punti luce, ideale per comodino, mensola, tavolino, libreria, corridoio e angoli di passaggio. Caratteristiche principali: dimensioni: Ø10cm x H6,6cm; 1 luce con attacco LED; sorgente LED 5W; alimentazione 5 V DC; classe III; lampadina inclusa; dimmerabile. La configurazione disponibile comprende finitura Nichel, pensata per offrire un punto luce coerente e facile da inserire nel progetto d’arredo.","<p>Ideal Lux Mignon TL è una lampada da tavolo per interni mini e ricaricabile, per piccoli punti luce. È pensata per comodino, mensola, tavolino, libreria, corridoio e angoli di passaggio: risolve con eleganza le esigenze di luce d’atmosfera in spazi ridotti. La sua presenza d’appoggio aiuta a completare l’illuminazione principale con una luce mirata, decorativa e piacevole da vivere ogni giorno.</p><p>La struttura è realizzata in materiali selezionati, con proporzioni pensate per l’uso su superfici d’appoggio. Le caratteristiche tecniche principali sono: dimensioni: Ø10cm x H6,6cm; 1 luce con attacco LED; sorgente LED 5W; alimentazione 5 V DC; classe III; lampadina inclusa; dimmerabile.</p><p>La configurazione Mignon TL comprende finitura Nichel. È una scelta indicata quando si desidera un prodotto già definito, coerente nello stile e semplice da coordinare con gli altri elementi della stanza.</p><p>Scegliere Mignon TL significa aggiungere una lampada da tavolo Ideal Lux per interni adatta a camera da letto, soggiorno, studio o ingresso. Può essere posizionata su comodini, consolle, mensole o tavolini e coordinata con lampadari, applique o lampade da terra per un ambiente armonico e ben illuminato.</p>","Ideal Lux Mignon TL lampada da tavolo per interni, ideale per comodino, soggiorno, studio e ingresso. Disponibile in Nichel."
"IL-CONFIG-125","Ideal Lux Ninfea TL1 è una lampada da tavolo per interni bassa e decorativa, con profilo morbido, ideale per comodino, mensola, tavolino basso, ingresso e zona relax. Caratteristiche principali: materiali: vetro e metallo; dimensioni: Ø20cm x H9,3cm; 1 luce con attacco GX53; potenza massima 1 x 15W; alimentazione 220-240 V AC; classe II; lampadina inclusa; non dimmerabile. Le varianti selezionabili comprendono finiture Bianco e Ottone, così puoi coordinare finitura, luce e ingombro con l’arredo.","<p>Ideal Lux Ninfea TL1 è una lampada da tavolo per interni bassa e decorativa, con profilo morbido. È pensata per comodino, mensola, tavolino basso, ingresso e zona relax: offre una luce raccolta e piacevole, ideale per superfici d’appoggio compatte. La sua presenza d’appoggio aiuta a completare l’illuminazione principale con una luce mirata, decorativa e piacevole da vivere ogni giorno.</p><p>La struttura è realizzata in vetro e metallo, con proporzioni pensate per l’uso su superfici d’appoggio. Le caratteristiche tecniche principali sono: materiali: vetro e metallo; dimensioni: Ø20cm x H9,3cm; 1 luce con attacco GX53; potenza massima 1 x 15W; alimentazione 220-240 V AC; classe II; lampadina inclusa; non dimmerabile.</p><p>La famiglia Ninfea TL1 permette di scegliere tra finiture Bianco e Ottone. In questo modo puoi selezionare la soluzione più adatta al contesto: Bianco e Ottone.</p><p>Scegliere Ninfea TL1 significa aggiungere una lampada da tavolo Ideal Lux per interni adatta a camera da letto, soggiorno, studio o ingresso. Può essere posizionata su comodini, consolle, mensole o tavolini e coordinata con lampadari, applique o lampade da terra per un ambiente armonico e ben illuminato.</p>","Ideal Lux Ninfea TL1 lampada da tavolo per interni, ideale per comodino, soggiorno, studio e ingresso. Disponibile in Bianco e Ottone."
"IL-CONFIG-126","Ideal Lux Nordik TL1 è una lampada da tavolo per interni calda e nordica, con contrasto materico, ideale per comodino, salotto, studio, camera da letto e angoli lettura. Caratteristiche principali: materiali: metallo e tessuto; dimensioni: Ø26cm x H48cm; 1 luce con attacco E27; potenza massima 1 x 60W; alimentazione 220-240 V AC; classe II; lampadina non inclusa; non dimmerabile. La configurazione disponibile comprende finitura Nero, pensata per offrire un punto luce coerente e facile da inserire nel progetto d’arredo.","<p>Ideal Lux Nordik TL1 è una lampada da tavolo per interni calda e nordica, con contrasto materico. È pensata per comodino, salotto, studio, camera da letto e angoli lettura: abbina semplicità formale e atmosfera accogliente. La sua presenza d’appoggio aiuta a completare l’illuminazione principale con una luce mirata, decorativa e piacevole da vivere ogni giorno.</p><p>La struttura è realizzata in metallo e tessuto, con proporzioni pensate per l’uso su superfici d’appoggio. Le caratteristiche tecniche principali sono: materiali: metallo e tessuto; dimensioni: Ø26cm x H48cm; 1 luce con attacco E27; potenza massima 1 x 60W; alimentazione 220-240 V AC; classe II; lampadina non inclusa; non dimmerabile.</p><p>La configurazione Nordik TL1 comprende finitura Nero. È una scelta indicata quando si desidera un prodotto già definito, coerente nello stile e semplice da coordinare con gli altri elementi della stanza.</p><p>Scegliere Nordik TL1 significa aggiungere una lampada da tavolo Ideal Lux per interni adatta a camera da letto, soggiorno, studio o ingresso. Può essere posizionata su comodini, consolle, mensole o tavolini e coordinata con lampadari, applique o lampade da terra per un ambiente armonico e ben illuminato.</p>","Ideal Lux Nordik TL1 lampada da tavolo per interni, ideale per comodino, soggiorno, studio e ingresso. Disponibile in Nero."
"IL-CONFIG-127","Ideal Lux Opera TL1 è una lampada da tavolo per interni elegante e ornamentale, con dettagli preziosi, ideale per camera da letto, soggiorno classico, consolle, comò e ambienti ricettivi. Caratteristiche principali: materiali: metallo, vetro, tessuto e cristallo; dimensioni: Ø25cm x H52cm; 1 luce con attacco E27; potenza massima 1 x 60W; alimentazione 220-240 V AC; classe II; lampadina non inclusa; non dimmerabile. La configurazione disponibile comprende finitura Bianco, pensata per offrire un punto luce coerente e facile da inserire nel progetto d’arredo.","<p>Ideal Lux Opera TL1 è una lampada da tavolo per interni elegante e ornamentale, con dettagli preziosi. È pensata per camera da letto, soggiorno classico, consolle, comò e ambienti ricettivi: illumina e arreda con una presenza raffinata, adatta a contesti ricercati. La sua presenza d’appoggio aiuta a completare l’illuminazione principale con una luce mirata, decorativa e piacevole da vivere ogni giorno.</p><p>La struttura è realizzata in metallo, vetro, tessuto e cristallo, con proporzioni pensate per l’uso su superfici d’appoggio. Le caratteristiche tecniche principali sono: materiali: metallo, vetro, tessuto e cristallo; dimensioni: Ø25cm x H52cm; 1 luce con attacco E27; potenza massima 1 x 60W; alimentazione 220-240 V AC; classe II; lampadina non inclusa; non dimmerabile.</p><p>La configurazione Opera TL1 comprende finitura Bianco. È una scelta indicata quando si desidera un prodotto già definito, coerente nello stile e semplice da coordinare con gli altri elementi della stanza.</p><p>Scegliere Opera TL1 significa inserire una lampada da tavolo Ideal Lux per interni dal carattere elegante, ideale per camera da letto, soggiorno, ingresso o ambienti hospitality. È adatta a completare arredi classici, ricercati o glamour con una luce decorativa e accogliente.</p>","Ideal Lux Opera TL1 lampada da tavolo per interni, ideale per comodino, soggiorno, studio e ingresso. Disponibile in Bianco."
"IL-CONFIG-128","Ideal Lux Oz TL ON-OFF è una lampada da tavolo per interni grafica e performante, con LED integrato, ideale per scrivania, comodino, studio, area lavoro e angolo lettura. Caratteristiche principali: materiali: metallo e materiale plastico; dimensioni: L28cm x H31cm x P8cm; 1 luce con attacco LED; sorgente LED 22W; alimentazione 220-240 V AC; classe II; lampadina inclusa; dimmerabile in alcune versioni. Le varianti selezionabili comprendono finiture Bianco, Nero e Ottone; temperature colore 2700K, 3000K e 4000K, così puoi coordinare finitura, luce e ingombro con l’arredo.","<p>Ideal Lux Oz TL ON-OFF è una lampada da tavolo per interni grafica e performante, con LED integrato. È pensata per scrivania, comodino, studio, area lavoro e angolo lettura: offre diverse temperature colore per scegliere la tonalità più adatta all’attività e all’atmosfera. La sua presenza d’appoggio aiuta a completare l’illuminazione principale con una luce mirata, decorativa e piacevole da vivere ogni giorno.</p><p>La struttura è realizzata in metallo e materiale plastico, con proporzioni pensate per l’uso su superfici d’appoggio. Le caratteristiche tecniche principali sono: materiali: metallo e materiale plastico; dimensioni: L28cm x H31cm x P8cm; 1 luce con attacco LED; sorgente LED 22W; alimentazione 220-240 V AC; classe II; lampadina inclusa; dimmerabile in alcune versioni.</p><p>La famiglia Oz TL ON-OFF permette di scegliere tra finiture Bianco, Nero e Ottone; temperature colore 2700K, 3000K e 4000K. In questo modo puoi selezionare la soluzione più adatta al contesto: Bianco 2700K, Bianco 3000K, Bianco 4000K, Nero 2700K, Nero 3000K, Nero 4000K, Ottone 2700K, Ottone 3000K e Ottone 4000K.</p><p>Perfetta per chi cerca una lampada da tavolo Ideal Lux per interni adatta a lettura, studio e lavoro, Oz TL ON-OFF valorizza scrivanie, scrittoi e comodini con una luce pratica e curata. Si abbina facilmente a plafoniere, sospensioni o lampade da terra per costruire un progetto luminoso completo.</p>","Ideal Lux Oz TL ON-OFF lampada da tavolo per interni, ideale per comodino, soggiorno, studio e ingresso. Disponibile in Bianco, Nero e Ottone."
"IL-CONFIG-129","Ideal Lux Pegaso TL1 è una lampada da tavolo per interni classica e raffinata, con dettagli in cristallo, ideale per camera da letto, salotto, consolle, comò e ambienti eleganti. Caratteristiche principali: materiali: metallo, vetro e tessuto; dimensioni: Ø30cm x H55cm e Ø18cm x H30cm; 1 luce con attacchi E27 ed E14; potenza massima 1 x 60W e potenza massima 1 x 28W; alimentazione 220-240 V AC; classe II; lampadina non inclusa; non dimmerabile. Le varianti selezionabili comprendono finiture Bianco e Ottone; dimensioni Ø30cm x H55cm e Ø18cm x H30cm; attacchi E27 ed E14; potenze 1 x 60W e 1 x 28W, così puoi coordinare finitura, luce e ingombro con l’arredo.","<p>Ideal Lux Pegaso TL1 è una lampada da tavolo per interni classica e raffinata, con dettagli in cristallo. È pensata per camera da letto, salotto, consolle, comò e ambienti eleganti: è pensata per chi desidera una lampada decorativa con luce morbida e finiture ricercate. La sua presenza d’appoggio aiuta a completare l’illuminazione principale con una luce mirata, decorativa e piacevole da vivere ogni giorno.</p><p>La struttura valorizza metallo, vetro e tessuto con dettagli costruttivi curati. Montatura in metallo cromato oppure ottone satinato. Corpo centrale, bobeches e pendagli in cristallo molato. Paralumi in organza. Le caratteristiche tecniche principali sono: materiali: metallo, vetro e tessuto; dimensioni: Ø30cm x H55cm e Ø18cm x H30cm; 1 luce con attacchi E27 ed E14; potenza massima 1 x 60W e potenza massima 1 x 28W; alimentazione 220-240 V AC; classe II; lampadina non inclusa; non dimmerabile.</p><p>La famiglia Pegaso TL1 permette di scegliere tra finiture Bianco e Ottone; dimensioni Ø30cm x H55cm e Ø18cm x H30cm; attacchi E27 ed E14; potenze 1 x 60W e 1 x 28W. In questo modo puoi selezionare la soluzione più adatta al contesto: Bianco Ø30cm x H55cm E27, Bianco Ø18cm x H30cm E14 e Ottone Ø18cm x H30cm E14.</p><p>Scegliere Pegaso TL1 significa inserire una lampada da tavolo Ideal Lux per interni dal carattere elegante, ideale per camera da letto, soggiorno, ingresso o ambienti hospitality. È adatta a completare arredi classici, ricercati o glamour con una luce decorativa e accogliente.</p>","Ideal Lux Pegaso TL1 lampada da tavolo per interni, ideale per comodino, soggiorno, studio e ingresso. Disponibile in Bianco e Ottone."
"IL-CONFIG-130","Ideal Lux Perlage TL1 è una lampada da tavolo per interni preziosa e decorativa, con vetri colorati, ideale per comodino, madia, consolle, soggiorno e ingresso. Caratteristiche principali: materiali: metallo e vetro; dimensioni: Ø10cm x H15,5cm; 1 luce con attacco G9; potenza massima 1 x 15W; alimentazione 220-240 V AC; classe II; lampadina inclusa; non dimmerabile. Le varianti selezionabili comprendono finiture Ambra, Bianco e Fumé, così puoi coordinare finitura, luce e ingombro con l’arredo.","<p>Ideal Lux Perlage TL1 è una lampada da tavolo per interni preziosa e decorativa, con vetri colorati. È pensata per comodino, madia, consolle, soggiorno e ingresso: crea riflessi morbidi e un punto luce scenografico senza rinunciare alla compattezza. La sua presenza d’appoggio aiuta a completare l’illuminazione principale con una luce mirata, decorativa e piacevole da vivere ogni giorno.</p><p>La struttura è realizzata in metallo e vetro, con proporzioni pensate per l’uso su superfici d’appoggio. Le caratteristiche tecniche principali sono: materiali: metallo e vetro; dimensioni: Ø10cm x H15,5cm; 1 luce con attacco G9; potenza massima 1 x 15W; alimentazione 220-240 V AC; classe II; lampadina inclusa; non dimmerabile.</p><p>La famiglia Perlage TL1 permette di scegliere tra finiture Ambra, Bianco e Fumé. In questo modo puoi selezionare la soluzione più adatta al contesto: Ambra, Bianco e Fumé.</p><p>Scegliere Perlage TL1 significa inserire una lampada da tavolo Ideal Lux per interni dal carattere elegante, ideale per camera da letto, soggiorno, ingresso o ambienti hospitality. È adatta a completare arredi classici, ricercati o glamour con una luce decorativa e accogliente.</p>","Ideal Lux Perlage TL1 lampada da tavolo per interni, ideale per comodino, soggiorno, studio e ingresso. Disponibile in Ambra, Bianco e Fumé."
"IL-CONFIG-131","Ideal Lux Perlage TL3 è una lampada da tavolo per interni preziosa e decorativa, con vetri colorati, ideale per comodino, madia, consolle, soggiorno e ingresso. Caratteristiche principali: materiali: metallo e vetro; dimensioni: Ø24cm x H43cm; 3 luci con attacco G9; potenza massima 3 x 15W; alimentazione 220-240 V AC; classe II; lampadina inclusa; non dimmerabile. Le varianti selezionabili comprendono finiture Ambra, Bianco e Fumé, così puoi coordinare finitura, luce e ingombro con l’arredo.","<p>Ideal Lux Perlage TL3 è una lampada da tavolo per interni preziosa e decorativa, con vetri colorati. È pensata per comodino, madia, consolle, soggiorno e ingresso: crea riflessi morbidi e un punto luce scenografico senza rinunciare alla compattezza. La sua presenza d’appoggio aiuta a completare l’illuminazione principale con una luce mirata, decorativa e piacevole da vivere ogni giorno.</p><p>La struttura è realizzata in metallo e vetro, con proporzioni pensate per l’uso su superfici d’appoggio. Le caratteristiche tecniche principali sono: materiali: metallo e vetro; dimensioni: Ø24cm x H43cm; 3 luci con attacco G9; potenza massima 3 x 15W; alimentazione 220-240 V AC; classe II; lampadina inclusa; non dimmerabile.</p><p>La famiglia Perlage TL3 permette di scegliere tra finiture Ambra, Bianco e Fumé. In questo modo puoi selezionare la soluzione più adatta al contesto: Ambra, Bianco e Fumé.</p><p>Scegliere Perlage TL3 significa inserire una lampada da tavolo Ideal Lux per interni dal carattere elegante, ideale per camera da letto, soggiorno, ingresso o ambienti hospitality. È adatta a completare arredi classici, ricercati o glamour con una luce decorativa e accogliente.</p>","Ideal Lux Perlage TL3 lampada da tavolo per interni, ideale per comodino, soggiorno, studio e ingresso. Disponibile in Ambra, Bianco e Fumé."
"IL-CONFIG-132","Ideal Lux Pivot è una lampada da tavolo per interni orientabile e pratica per il lavoro, ideale per scrivania, studio, postazione home office, comodino e zona lettura. Caratteristiche principali: materiali: materiale plastico; dimensioni: L17cm x H min 43cm / max 76cm x P41cm; 1 luce con attacco LED; sorgente LED 7W; alimentazione 220-240 V AC; classe II; lampadina inclusa; dimmerabile. Le varianti selezionabili comprendono finiture Bianco e Nero, così puoi coordinare finitura, luce e ingombro con l’arredo.","<p>Ideal Lux Pivot è una lampada da tavolo per interni orientabile e pratica per il lavoro. È pensata per scrivania, studio, postazione home office, comodino e zona lettura: si adatta facilmente alla posizione desiderata grazie allo sviluppo regolabile. La sua presenza d’appoggio aiuta a completare l’illuminazione principale con una luce mirata, decorativa e piacevole da vivere ogni giorno.</p><p>La struttura è realizzata in materiale plastico, con proporzioni pensate per l’uso su superfici d’appoggio. Le caratteristiche tecniche principali sono: materiali: materiale plastico; dimensioni: L17cm x H min 43cm / max 76cm x P41cm; 1 luce con attacco LED; sorgente LED 7W; alimentazione 220-240 V AC; classe II; lampadina inclusa; dimmerabile.</p><p>La famiglia Pivot permette di scegliere tra finiture Bianco e Nero. In questo modo puoi selezionare la soluzione più adatta al contesto: Bianco e Nero.</p><p>Perfetta per chi cerca una lampada da tavolo Ideal Lux per interni adatta a lettura, studio e lavoro, Pivot valorizza scrivanie, scrittoi e comodini con una luce pratica e curata. Si abbina facilmente a plafoniere, sospensioni o lampade da terra per costruire un progetto luminoso completo.</p>","Ideal Lux Pivot lampada da tavolo per interni, ideale per comodino, soggiorno, studio e ingresso. Disponibile in Bianco e Nero."
"IL-CONFIG-133","Ideal Lux Prato TL1 è una lampada da tavolo per interni essenziale e luminosa, con vetro bianco, ideale per comodino, camera, soggiorno, mensola e ingresso. Caratteristiche principali: materiali: vetro; dimensioni: Ø22,5cm x H24cm e Ø16,5cm x H18,5cm; 1 luce con attacchi E27 ed E14; potenza massima 1 x 60W e potenza massima 1 x 40W; alimentazione 220-240 V AC; classe II; lampadina non inclusa; non dimmerabile. Le varianti selezionabili comprendono finitura Bianco; dimensioni Ø22,5cm x H24cm e Ø16,5cm x H18,5cm; attacchi E27 ed E14; potenze 1 x 60W e 1 x 40W, così puoi coordinare finitura, luce e ingombro con l’arredo.","<p>Ideal Lux Prato TL1 è una lampada da tavolo per interni essenziale e luminosa, con vetro bianco. È pensata per comodino, camera, soggiorno, mensola e ingresso: diffonde una luce morbida e omogenea in ambienti quotidiani. La sua presenza d’appoggio aiuta a completare l’illuminazione principale con una luce mirata, decorativa e piacevole da vivere ogni giorno.</p><p>La struttura è realizzata in vetro, con proporzioni pensate per l’uso su superfici d’appoggio. Le caratteristiche tecniche principali sono: materiali: vetro; dimensioni: Ø22,5cm x H24cm e Ø16,5cm x H18,5cm; 1 luce con attacchi E27 ed E14; potenza massima 1 x 60W e potenza massima 1 x 40W; alimentazione 220-240 V AC; classe II; lampadina non inclusa; non dimmerabile.</p><p>La famiglia Prato TL1 permette di scegliere tra finitura Bianco; dimensioni Ø22,5cm x H24cm e Ø16,5cm x H18,5cm; attacchi E27 ed E14; potenze 1 x 60W e 1 x 40W. In questo modo puoi selezionare la soluzione più adatta al contesto: Bianco Ø22,5cm x H24cm E27 e Bianco Ø16,5cm x H18,5cm E14.</p><p>Scegliere Prato TL1 significa aggiungere una lampada da tavolo Ideal Lux per interni adatta a camera da letto, soggiorno, studio o ingresso. Può essere posizionata su comodini, consolle, mensole o tavolini e coordinata con lampadari, applique o lampade da terra per un ambiente armonico e ben illuminato.</p>","Ideal Lux Prato TL1 lampada da tavolo per interni, ideale per comodino, soggiorno, studio e ingresso. Disponibile in Bianco."
"IL-CONFIG-134","Ideal Lux Pure è una lampada da tavolo per esterni ricaricabile e discreta per l’esterno, ideale per tavoli outdoor, terrazze, balconi, dehors, portici e giardini. Caratteristiche principali: materiali: metallo e materiale plastico; dimensioni: Ø11,5cm x H32cm; 1 luce con attacco LED; sorgente LED 1,5W; alimentazione 3.7 V DC; classe III; protezione IP54; lampadina inclusa; dimmerabile. Le varianti selezionabili comprendono finiture Bianco, Caffè e Nero, così puoi coordinare finitura, luce e ingombro con l’arredo.","<p>Ideal Lux Pure è una lampada da tavolo per esterni ricaricabile e discreta per l’esterno. È pensata per tavoli outdoor, terrazze, balconi, dehors, portici e giardini: assicura luce d’atmosfera in modo pratico e pulito. La sua presenza d’appoggio aiuta a completare l’illuminazione principale con una luce mirata, decorativa e piacevole da vivere ogni giorno.</p><p>La struttura è realizzata in metallo e materiale plastico, con proporzioni pensate per l’uso su superfici d’appoggio. Le caratteristiche tecniche principali sono: materiali: metallo e materiale plastico; dimensioni: Ø11,5cm x H32cm; 1 luce con attacco LED; sorgente LED 1,5W; alimentazione 3.7 V DC; classe III; protezione IP54; lampadina inclusa; dimmerabile.</p><p>La famiglia Pure permette di scegliere tra finiture Bianco, Caffè e Nero. In questo modo puoi selezionare la soluzione più adatta al contesto: Bianco, Caffè e Nero.</p><p>Questa lampada da tavolo Ideal Lux per esterni è indicata per creare atmosfera su tavoli outdoor, balconi, terrazze, portici e aree lounge. Può essere inserita in progetti residenziali o contract, anche in abbinamento ad applique, paletti e altre lampade da esterno per ottenere un’illuminazione coordinata.</p>","Ideal Lux Pure lampada da tavolo per esterni, ideale per terrazze, balconi, dehors e tavoli outdoor. Disponibile in Bianco, Caffè e Nero."
"IL-CONFIG-135","Ideal Lux Queen TL1 è una lampada da tavolo per interni importante e decorativa, con finitura oro, ideale per camera da letto, salotto elegante, consolle, comò e suite hotel. Caratteristiche principali: materiali: metallo, vetro e tessuto; dimensioni: Ø35cm x H67,5cm, Ø25cm x H46,5cm e Ø20cm x H36,5cm; 1 luce con attacco E27; potenza massima 1 x 60W; alimentazione 220-240 V AC; classe II; lampadina non inclusa; non dimmerabile. Le varianti selezionabili comprendono finitura Oro; dimensioni Ø35cm x H67,5cm, Ø25cm x H46,5cm e Ø20cm x H36,5cm, così puoi coordinare finitura, luce e ingombro con l’arredo.","<p>Ideal Lux Queen TL1 è una lampada da tavolo per interni importante e decorativa, con finitura oro. È pensata per camera da letto, salotto elegante, consolle, comò e suite hotel: porta una nota scenografica e preziosa in ambienti classici o glamour. La sua presenza d’appoggio aiuta a completare l’illuminazione principale con una luce mirata, decorativa e piacevole da vivere ogni giorno.</p><p>La struttura valorizza metallo, vetro e tessuto con dettagli costruttivi curati. Montatura in metallo dorato con elementi decorativi e base in cristallo molato. Paralume in lamina di PVC, rivestita in tessuto con decorazione trapuntata e brillantini dorati. Le caratteristiche tecniche principali sono: materiali: metallo, vetro e tessuto; dimensioni: Ø35cm x H67,5cm, Ø25cm x H46,5cm e Ø20cm x H36,5cm; 1 luce con attacco E27; potenza massima 1 x 60W; alimentazione 220-240 V AC; classe II; lampadina non inclusa; non dimmerabile.</p><p>La famiglia Queen TL1 permette di scegliere tra finitura Oro; dimensioni Ø35cm x H67,5cm, Ø25cm x H46,5cm e Ø20cm x H36,5cm. In questo modo puoi selezionare la soluzione più adatta al contesto: Oro Ø35cm x H67,5cm, Oro Ø25cm x H46,5cm e Oro Ø20cm x H36,5cm.</p><p>Scegliere Queen TL1 significa inserire una lampada da tavolo Ideal Lux per interni dal carattere elegante, ideale per camera da letto, soggiorno, ingresso o ambienti hospitality. È adatta a completare arredi classici, ricercati o glamour con una luce decorativa e accogliente.</p>","Ideal Lux Queen TL1 lampada da tavolo per interni, ideale per comodino, soggiorno, studio e ingresso. Disponibile in Oro, con più dimensioni."